INSERT INTO `pais` (`idpais`, `nombre`,`eliminado`) VALUES
 (1, 'PERU', b'0');

INSERT INTO `departamento` (`iddepartamento`, `nombre`,`eliminado`,`idpais`) VALUES
  (1, 'AMAZONAS', b'0',1),
  (2, 'ANCASH', b'0',1),
  (3, 'APURIMAC', b'0',1),
  (4, 'AREQUIPA', b'0',1),
  (5, 'AYACUCHO', b'0',1),
  (6, 'CAJAMARCA', b'0',1),
  (7, 'CALLAO', b'0', 1),
  (8, 'CUSCO', b'0', 1),
  (9, 'HUANCAVELICA', b'0', 1),
  (10, 'HUANUCO', b'0', 1),
  (11, 'ICA', b'0', 1),
  (12, 'JUNIN', b'0',1),
  (13, 'LA LIBERTAD', b'0',1),
  (14, 'LAMBAYEQUE', b'0',1),
  (15, 'LIMA', b'0', 1),
  (16, 'LORETO', b'0', 1),
  (17, 'MADRE DE DIOS', b'0', 1),
  (18, 'MOQUEGUA', b'0', 1),
  (19, 'PASCO', b'0', 1),
  (20, 'PIURA', b'0', 1),
  (21, 'PUNO', b'0',1),
  (22, 'SAN MARTIN', b'0',1),
  (23, 'TACNA', b'0',1),
  (24, 'TUMBES', b'0',1),
  (25, 'UCAYALI', b'0',1),
  (26, 'NO ESPECIFICADO', b'0',1);

INSERT INTO `provincia` (`idprovincia`, `nombre`, `iddepartamento`, `eliminado`) VALUES
  (101, 'CHACHAPOYAS', 1, b'0'),
  (102, 'BAGUA', 1, b'0'),
  (103, 'BONGARA', 1, b'0'),
  (104, 'CONDORCANQUI', 1, b'0'),
  (105, 'LUYA', 1, b'0'),
  (106, 'RODRIGUEZ DE MENDOZA', 1, b'0'),
  (107, 'UTCUBAMBA', 1, b'0'),
  (201, 'HUARAZ', 2, b'0'),
  (202, 'AIJA', 2, b'0'),
  (203, 'ANTONIO RAYMONDI', 2, b'0'),
  (204, 'ASUNCION', 2, b'0'),
  (205, 'BOLOGNESI', 2, b'0'),
  (206, 'CARHUAZ', 2, b'0'),
  (207, 'CARLOS FERMIN FITZCARRALD', 2, b'0'),
  (208, 'CASMA', 2, b'0'),
  (209, 'CORONGO', 2, b'0'),
  (210, 'HUARI', 2, b'0'),
  (211, 'HUARMEY', 2, b'0'),
  (212, 'HUAYLAS', 2, b'0'),
  (213, 'MARISCAL LUZURIAGA', 2, b'0'),
  (214, 'OCROS', 2, b'0'),
  (215, 'PALLASCA', 2, b'0'),
  (216, 'POMABAMBA', 2, b'0'),
  (217, 'RECUAY', 2, b'0'),
  (218, 'SANTA', 2, b'0'),
  (219, 'SIHUAS', 2, b'0'),
  (220, 'YUNGAY', 2, b'0'),
  (301, 'ABANCAY', 3, b'0'),
  (302, 'ANDAHUAYLAS', 3, b'0'),
  (303, 'ANTABAMBA', 3, b'0'),
  (304, 'AYMARAES', 3, b'0'),
  (305, 'COTABAMBAS', 3, b'0'),
  (306, 'CHINCHEROS', 3, b'0'),
  (307, 'GRAU', 3, b'0'),
  (401, 'AREQUIPA', 4, b'0'),
  (402, 'CAMANA', 4, b'0'),
  (403, 'CARAVELI', 4, b'0'),
  (404, 'CASTILLA', 4, b'0'),
  (405, 'CAYLLOMA', 4, b'0'),
  (406, 'CONDESUYOS', 4, b'0'),
  (407, 'ISLAY', 4, b'0'),
  (408, 'LA UNIÒN', 4, b'0'),
  (501, 'HUAMANGA', 5, b'0'),
  (502, 'CANGALLO', 5, b'0'),
  (503, 'HUANCA SANCOS', 5, b'0'),
  (504, 'HUANTA', 5, b'0'),
  (505, 'LA MAR', 5, b'0'),
  (506, 'LUCANAS', 5, b'0'),
  (507, 'PARINACOCHAS', 5, b'0'),
  (508, 'PÀUCAR DEL SARA SARA', 5, b'0'),
  (509, 'SUCRE', 5, b'0'),
  (510, 'VICTOR FAJARDO', 5, b'0'),
  (511, 'VILCAS HUAMAN', 5, b'0'),
  (601, 'CAJAMARCA', 6, b'0'),
  (602, 'CAJABAMBA', 6, b'0'),
  (603, 'CELENDIN', 6, b'0'),
  (604, 'CHOTA', 6, b'0'),
  (605, 'CONTUMAZA', 6, b'0'),
  (606, 'CUTERVO', 6, b'0'),
  (607, 'HUALGAYOC', 6, b'0'),
  (608, 'JAEN', 6, b'0'),
  (609, 'SAN IGNACIO', 6, b'0'),
  (610, 'SAN MARCOS', 6, b'0'),
  (611, 'SAN MIGUEL', 6, b'0'),
  (612, 'SAN PABLO', 6, b'0'),
  (613, 'SANTA CRUZ', 6, b'0'),
  (701, 'PROV. CONST. DEL CALLAO', 7, b'0'),
  (801, 'CUSCO', 8, b'0'),
  (802, 'ACOMAYO', 8, b'0'),
  (803, 'ANTA', 8, b'0'),
  (804, 'CALCA', 8, b'0'),
  (805, 'CANAS', 8, b'0'),
  (806, 'CANCHIS', 8, b'0'),
  (807, 'CHUMBIVILCAS', 8, b'0'),
  (808, 'ESPINAR', 8, b'0'),
  (809, 'LA CONVENCION', 8, b'0'),
  (810, 'PARURO', 8, b'0'),
  (811, 'PAUCARTAMBO', 8, b'0'),
  (812, 'QUISPICANCHI', 8, b'0'),
  (813, 'URUBAMBA', 8, b'0'),
  (901, 'HUANCAVELICA', 9, b'0'),
  (902, 'ACOBAMBA', 9, b'0'),
  (903, 'ANGARAES', 9, b'0'),
  (904, 'CASTROVIRREYNA', 9, b'0'),
  (905, 'CHURCAMPA', 9, b'0'),
  (906, 'HUAYTARA', 9, b'0'),
  (907, 'TAYACAJA', 9, b'0'),
  (1001, 'HUANUCO', 10, b'0'),
  (1002, 'AMBO', 10, b'0'),
  (1003, 'DOS DE MAYO', 10, b'0'),
  (1004, 'HUACAYBAMBA', 10, b'0'),
  (1005, 'HUAMALIES', 10, b'0'),
  (1006, 'LEONCIO PRADO', 10, b'0'),
  (1007, 'MARAÑON', 10, b'0'),
  (1008, 'PACHITEA', 10, b'0'),
  (1009, 'PUERTO INCA', 10, b'0'),
  (1010, 'LAURICOCHA ', 10, b'0'),
  (1011, 'YAROWILCA ', 10, b'0'),
  (1101, 'ICA ', 11, b'0'),
  (1102, 'CHINCHA ', 11, b'0'),
  (1103, 'NASCA ', 11, b'0'),
  (1104, 'PALPA ', 11, b'0'),
  (1105, 'PISCO ', 11, b'0'),
  (1201, 'HUANCAYO ', 12, b'0'),
  (1202, 'CONCEPCION ', 12, b'0'),
  (1203, 'CHANCHAMAYO ', 12, b'0'),
  (1204, 'JAUJA ', 12, b'0'),
  (1205, 'JUNIN ', 12, b'0'),
  (1206, 'SATIPO ', 12, b'0'),
  (1207, 'TARMA ', 12, b'0'),
  (1208, 'YAULI ', 12, b'0'),
  (1209, 'CHUPACA ', 12, b'0'),
  (1301, 'TRUJILLO ', 13, b'0'),
  (1302, 'ASCOPE ', 13, b'0'),
  (1303, 'BOLIVAR ', 13, b'0'),
  (1304, 'CHEPEN ', 13, b'0'),
  (1305, 'JULCAN ', 13, b'0'),
  (1306, 'OTUZCO ', 13, b'0'),
  (1307, 'PACASMAYO ', 13, b'0'),
  (1308, 'PATAZ ', 13, b'0'),
  (1309, 'SANCHEZ CARRION ', 13, b'0'),
  (1310, 'SANTIAGO DE CHUCO ', 13, b'0'),
  (1311, 'GRAN CHIMU ', 13, b'0'),
  (1312, 'VIRU ', 13, b'0'),
  (1401, 'CHICLAYO ', 14, b'0'),
  (1402, 'FERREÑAFE ', 14, b'0'),
  (1403, 'LAMBAYEQUE ', 14, b'0'),
  (1501, 'LIMA ', 15, b'0'),
  (1502, 'BARRANCA ', 15, b'0'),
  (1503, 'CAJATAMBO ', 15, b'0'),
  (1504, 'CANTA ', 15, b'0'),
  (1505, 'CAÑETE ', 15, b'0'),
  (1506, 'HUARAL ', 15, b'0'),
  (1507, 'HUAROCHIRI ', 15, b'0'),
  (1508, 'HUAURA ', 15, b'0'),
  (1509, 'OYON ', 15, b'0'),
  (1510, 'YAUYOS ', 15, b'0'),
  (1601, 'MAYNAS ', 16, b'0'),
  (1602, 'ALTO AMAZONAS ', 16, b'0'),
  (1603, 'LORETO ', 16, b'0'),
  (1604, 'MARISCAL RAMON CASTILLA ', 16, b'0'),
  (1605, 'REQUENA ', 16, b'0'),
  (1606, 'UCAYALI ', 16, b'0'),
  (1607, 'DATEM DEL MARAÑON ', 16, b'0'),
  (1608, 'PUTUMAYO', 16, b'0'),
  (1701, 'TAMBOPATA ', 17, b'0'),
  (1702, 'MANU ', 17, b'0'),
  (1703, 'TAHUAMANU ', 17, b'0'),
  (1801, 'MARISCAL NIETO ', 18, b'0'),
  (1802, 'GENERAL SANCHEZ CERRO ', 18, b'0'),
  (1803, 'ILO ', 18, b'0'),
  (1901, 'PASCO ', 19, b'0'),
  (1902, 'DANIEL ALCIDES CARRION ', 19, b'0'),
  (1903, 'OXAPAMPA ', 19, b'0'),
  (2001, 'PIURA ', 20, b'0'),
  (2002, 'AYABACA ', 20, b'0'),
  (2003, 'HUANCABAMBA ', 20, b'0'),
  (2004, 'MORROPON ', 20, b'0'),
  (2005, 'PAITA ', 20, b'0'),
  (2006, 'SULLANA ', 20, b'0'),
  (2007, 'TALARA ', 20, b'0'),
  (2008, 'SECHURA ', 20, b'0'),
  (2101, 'PUNO ', 21, b'0'),
  (2102, 'AZANGARO ', 21, b'0'),
  (2103, 'CARABAYA ', 21, b'0'),
  (2104, 'CHUCUITO ', 21, b'0'),
  (2105, 'EL COLLAO ', 21, b'0'),
  (2106, 'HUANCANE ', 21, b'0'),
  (2107, 'LAMPA ', 21, b'0'),
  (2108, 'MELGAR ', 21, b'0'),
  (2109, 'MOHO ', 21, b'0'),
  (2110, 'SAN ANTONIO DE PUTINA ', 21, b'0'),
  (2111, 'SAN ROMAN ', 21, b'0'),
  (2112, 'SANDIA ', 21, b'0'),
  (2113, 'YUNGUYO ', 21, b'0'),
  (2201, 'MOYOBAMBA ', 22, b'0'),
  (2202, 'BELLAVISTA ', 22, b'0'),
  (2203, 'EL DORADO ', 22, b'0'),
  (2204, 'HUALLAGA ', 22, b'0'),
  (2205, 'LAMAS ', 22, b'0'),
  (2206, 'MARISCAL CACERES ', 22, b'0'),
  (2207, 'PICOTA ', 22, b'0'),
  (2208, 'RIOJA ', 22, b'0'),
  (2209, 'SAN MARTIN ', 22, b'0'),
  (2210, 'TOCACHE ', 22, b'0'),
  (2301, 'TACNA ', 23, b'0'),
  (2302, 'CANDARAVE ', 23, b'0'),
  (2303, 'JORGE BASADRE ', 23, b'0'),
  (2304, 'TARATA ', 23, b'0'),
  (2401, 'TUMBES ', 24, b'0'),
  (2402, 'CONTRALMIRANTE VILLAR ', 24, b'0'),
  (2403, 'ZARUMILLA ', 24, b'0'),
  (2501, 'CORONEL PORTILLO ', 25, b'0'),
  (2502, 'ATALAYA ', 25, b'0'),
  (2503, 'PADRE ABAD ', 25, b'0'),
  (2504, 'PURUS', 25, b'0'),
  (2505, 'NO ESPECIFICADO', 26, b'0');

INSERT INTO `distrito` (`iddistrito`, `nombre`, `idprovincia`, `eliminado`) VALUES
  (10101, 'CHACHAPOYAS', 101, b'0'),
  (10102, 'ASUNCION', 101, b'0'),
  (10103, 'BALSAS', 101, b'0'),
  (10104, 'CHETO', 101, b'0'),
  (10105, 'CHILIQUIN', 101, b'0'),
  (10106, 'CHUQUIBAMBA', 101, b'0'),
  (10107, 'GRANADA', 101, b'0'),
  (10108, 'HUANCAS', 101, b'0'),
  (10109, 'LA JALCA', 101, b'0'),
  (10110, 'LEIMEBAMBA', 101, b'0'),
  (10111, 'LEVANTO', 101, b'0'),
  (10112, 'MAGDALENA', 101, b'0'),
  (10113, 'MARISCAL CASTILLA', 101, b'0'),
  (10114, 'MOLINOPAMPA', 101, b'0'),
  (10115, 'MONTEVIDEO', 101, b'0'),
  (10116, 'OLLEROS', 101, b'0'),
  (10117, 'QUINJALCA', 101, b'0'),
  (10118, 'SAN FRANCISCO DE DAGUAS', 101, b'0'),
  (10119, 'SAN ISIDRO DE MAINO', 101, b'0'),
  (10120, 'SOLOCO', 101, b'0'),
  (10121, 'SONCHE', 101, b'0'),
  (10201, 'BAGUA', 102, b'0'),
  (10202, 'ARAMANGO', 102, b'0'),
  (10203, 'COPALLIN', 102, b'0'),
  (10204, 'EL PARCO', 102, b'0'),
  (10205, 'IMAZA', 102, b'0'),
  (10206, 'LA PECA', 102, b'0'),
  (10301, 'JUMBILLA', 103, b'0'),
  (10302, 'CHISQUILLA', 103, b'0'),
  (10303, 'CHURUJA', 103, b'0'),
  (10304, 'COROSHA', 103, b'0'),
  (10305, 'CUISPES', 103, b'0'),
  (10306, 'FLORIDA', 103, b'0'),
  (10307, 'JAZAN', 103, b'0'),
  (10308, 'RECTA', 103, b'0'),
  (10309, 'SAN CARLOS', 103, b'0'),
  (10310, 'SHIPASBAMBA', 103, b'0'),
  (10311, 'VALERA', 103, b'0'),
  (10312, 'YAMBRASBAMBA', 103, b'0'),
  (10401, 'NIEVA', 104, b'0'),
  (10402, 'EL CENEPA', 104, b'0'),
  (10403, 'RIO SANTIAGO', 104, b'0'),
  (10501, 'LAMUD', 105, b'0'),
  (10502, 'CAMPORREDONDO', 105, b'0'),
  (10503, 'COCABAMBA', 105, b'0'),
  (10504, 'COLCAMAR', 105, b'0'),
  (10505, 'CONILA', 105, b'0'),
  (10506, 'INGUILPATA', 105, b'0'),
  (10507, 'LONGUITA', 105, b'0'),
  (10508, 'LONYA CHICO', 105, b'0'),
  (10509, 'LUYA', 105, b'0'),
  (10510, 'LUYA VIEJO', 105, b'0'),
  (10511, 'MARIA', 105, b'0'),
  (10512, 'OCALLI', 105, b'0'),
  (10513, 'OCUMAL', 105, b'0'),
  (10514, 'PISUQUIA', 105, b'0'),
  (10515, 'PROVIDENCIA', 105, b'0'),
  (10516, 'SAN CRISTOBAL', 105, b'0'),
  (10517, 'SAN FRANCISCO DE YESO', 105, b'0'),
  (10518, 'SAN JERONIMO', 105, b'0'),
  (10519, 'SAN JUAN DE LOPECANCHA', 105, b'0'),
  (10520, 'SANTA CATALINA', 105, b'0'),
  (10521, 'SANTO TOMAS', 105, b'0'),
  (10522, 'TINGO', 105, b'0'),
  (10523, 'TRITA', 105, b'0'),
  (10601, 'SAN NICOLAS', 106, b'0'),
  (10602, 'CHIRIMOTO', 106, b'0'),
  (10603, 'COCHAMAL', 106, b'0'),
  (10604, 'HUAMBO', 106, b'0'),
  (10605, 'LIMABAMBA', 106, b'0'),
  (10606, 'LONGAR', 106, b'0'),
  (10607, 'MARISCAL BENAVIDES', 106, b'0'),
  (10608, 'MILPUC', 106, b'0'),
  (10609, 'OMIA', 106, b'0'),
  (10610, 'SANTA ROSA', 106, b'0'),
  (10611, 'TOTORA', 106, b'0'),
  (10612, 'VISTA ALEGRE', 106, b'0'),
  (10701, 'BAGUA GRANDE', 107, b'0'),
  (10702, 'CAJARURO', 107, b'0'),
  (10703, 'CUMBA', 107, b'0'),
  (10704, 'EL MILAGRO', 107, b'0'),
  (10705, 'JAMALCA', 107, b'0'),
  (10706, 'LONYA GRANDE', 107, b'0'),
  (10707, 'YAMON', 107, b'0'),
  (20101, 'HUARAZ', 201, b'0'),
  (20102, 'COCHABAMBA', 201, b'0'),
  (20103, 'COLCABAMBA', 201, b'0'),
  (20104, 'HUANCHAY', 201, b'0'),
  (20105, 'INDEPENDENCIA', 201, b'0'),
  (20106, 'JANGAS', 201, b'0'),
  (20107, 'LA LIBERTAD', 201, b'0'),
  (20108, 'OLLEROS', 201, b'0'),
  (20109, 'PAMPAS GRANDE', 201, b'0'),
  (20110, 'PARIACOTO', 201, b'0'),
  (20111, 'PIRA', 201, b'0'),
  (20112, 'TARICA', 201, b'0'),
  (20201, 'AIJA', 202, b'0'),
  (20202, 'CORIS', 202, b'0'),
  (20203, 'HUACLLAN', 202, b'0'),
  (20204, 'LA MERCED', 202, b'0'),
  (20205, 'SUCCHA', 202, b'0'),
  (20301, 'LLAMELLIN', 203, b'0'),
  (20302, 'ACZO', 203, b'0'),
  (20303, 'CHACCHO', 203, b'0'),
  (20304, 'CHINGAS', 203, b'0'),
  (20305, 'MIRGAS', 203, b'0'),
  (20306, 'SAN JUAN DE RONTOY', 203, b'0'),
  (20401, 'CHACAS', 204, b'0'),
  (20402, 'ACOCHACA', 204, b'0'),
  (20501, 'CHIQUIAN', 205, b'0'),
  (20502, 'ABELARDO PARDO LEZAMETA', 205, b'0'),
  (20503, 'ANTONIO RAYMONDI', 205, b'0'),
  (20504, 'AQUIA', 205, b'0'),
  (20505, 'CAJACAY', 205, b'0'),
  (20506, 'CANIS', 205, b'0'),
  (20507, 'COLQUIOC', 205, b'0'),
  (20508, 'HUALLANCA', 205, b'0'),
  (20509, 'HUASTA', 205, b'0'),
  (20510, 'HUAYLLACAYAN', 205, b'0'),
  (20511, 'LA PRIMAVERA', 205, b'0'),
  (20512, 'MANGAS', 205, b'0'),
  (20513, 'PACLLON', 205, b'0'),
  (20514, 'SAN MIGUEL DE CORPANQUI', 205, b'0'),
  (20515, 'TICLLOS', 205, b'0'),
  (20601, 'CARHUAZ', 206, b'0'),
  (20602, 'ACOPAMPA', 206, b'0'),
  (20603, 'AMASHCA', 206, b'0'),
  (20604, 'ANTA', 206, b'0'),
  (20605, 'ATAQUERO', 206, b'0'),
  (20606, 'MARCARA', 206, b'0'),
  (20607, 'PARIAHUANCA', 206, b'0'),
  (20608, 'SAN MIGUEL DE ACO', 206, b'0'),
  (20609, 'SHILLA', 206, b'0'),
  (20610, 'TINCO', 206, b'0'),
  (20611, 'YUNGAR', 206, b'0'),
  (20701, 'SAN LUIS', 207, b'0'),
  (20702, 'SAN NICOLAS', 207, b'0'),
  (20703, 'YAUYA', 207, b'0'),
  (20801, 'CASMA', 208, b'0'),
  (20802, 'BUENA VISTA ALTA', 208, b'0'),
  (20803, 'COMANDANTE NOEL', 208, b'0'),
  (20804, 'YAUTAN', 208, b'0'),
  (20901, 'CORONGO', 209, b'0'),
  (20902, 'ACO', 209, b'0'),
  (20903, 'BAMBAS', 209, b'0'),
  (20904, 'CUSCA', 209, b'0'),
  (20905, 'LA PAMPA', 209, b'0'),
  (20906, 'YANAC', 209, b'0'),
  (20907, 'YUPAN', 209, b'0'),
  (21001, 'HUARI', 210, b'0'),
  (21002, 'ANRA', 210, b'0'),
  (21003, 'CAJAY', 210, b'0'),
  (21004, 'CHAVIN DE HUANTAR', 210, b'0'),
  (21005, 'HUACACHI', 210, b'0'),
  (21006, 'HUACCHIS', 210, b'0'),
  (21007, 'HUACHIS', 210, b'0'),
  (21008, 'HUANTAR', 210, b'0'),
  (21009, 'MASIN', 210, b'0'),
  (21010, 'PAUCAS', 210, b'0'),
  (21011, 'PONTO', 210, b'0'),
  (21012, 'RAHUAPAMPA', 210, b'0'),
  (21013, 'RAPAYAN', 210, b'0'),
  (21014, 'SAN MARCOS', 210, b'0'),
  (21015, 'SAN PEDRO DE CHANA', 210, b'0'),
  (21016, 'UCO', 210, b'0'),
  (21101, 'HUARMEY', 211, b'0'),
  (21102, 'COCHAPETI', 211, b'0'),
  (21103, 'CULEBRAS', 211, b'0'),
  (21104, 'HUAYAN', 211, b'0'),
  (21105, 'MALVAS', 211, b'0'),
  (21201, 'CARAZ', 212, b'0'),
  (21202, 'HUALLANCA', 212, b'0'),
  (21203, 'HUATA', 212, b'0'),
  (21204, 'HUAYLAS', 212, b'0'),
  (21205, 'MATO', 212, b'0'),
  (21206, 'PAMPAROMAS', 212, b'0'),
  (21207, 'PUEBLO LIBRE', 212, b'0'),
  (21208, 'SANTA CRUZ', 212, b'0'),
  (21209, 'SANTO TORIBIO', 212, b'0'),
  (21210, 'YURACMARCA', 212, b'0'),
  (21301, 'PISCOBAMBA', 213, b'0'),
  (21302, 'CASCA', 213, b'0'),
  (21303, 'ELEAZAR GUZMAN BARRON', 213, b'0'),
  (21304, 'FIDEL OLIVAS ESCUDERO', 213, b'0'),
  (21305, 'LLAMA', 213, b'0'),
  (21306, 'LLUMPA', 213, b'0'),
  (21307, 'LUCMA', 213, b'0'),
  (21308, 'MUSGA', 213, b'0'),
  (21401, 'OCROS', 214, b'0'),
  (21402, 'ACAS', 214, b'0'),
  (21403, 'CAJAMARQUILLA', 214, b'0'),
  (21404, 'CARHUAPAMPA', 214, b'0'),
  (21405, 'COCHAS', 214, b'0'),
  (21406, 'CONGAS', 214, b'0'),
  (21407, 'LLIPA', 214, b'0'),
  (21408, 'SAN CRISTOBAL DE RAJAN', 214, b'0'),
  (21409, 'SAN PEDRO', 214, b'0'),
  (21410, 'SANTIAGO DE CHILCAS', 214, b'0'),
  (21501, 'CABANA', 215, b'0'),
  (21502, 'BOLOGNESI', 215, b'0'),
  (21503, 'CONCHUCOS', 215, b'0'),
  (21504, 'HUACASCHUQUE', 215, b'0'),
  (21505, 'HUANDOVAL', 215, b'0'),
  (21506, 'LACABAMBA', 215, b'0'),
  (21507, 'LLAPO', 215, b'0'),
  (21508, 'PALLASCA', 215, b'0'),
  (21509, 'PAMPAS', 215, b'0'),
  (21510, 'SANTA ROSA', 215, b'0'),
  (21511, 'TAUCA', 215, b'0'),
  (21601, 'POMABAMBA', 216, b'0'),
  (21602, 'HUAYLLAN', 216, b'0'),
  (21603, 'PAROBAMBA', 216, b'0'),
  (21604, 'QUINUABAMBA', 216, b'0'),
  (21701, 'RECUAY', 217, b'0'),
  (21702, 'CATAC', 217, b'0'),
  (21703, 'COTAPARACO', 217, b'0'),
  (21704, 'HUAYLLAPAMPA', 217, b'0'),
  (21705, 'LLACLLIN', 217, b'0'),
  (21706, 'MARCA', 217, b'0'),
  (21707, 'PAMPAS CHICO', 217, b'0'),
  (21708, 'PARARIN', 217, b'0'),
  (21709, 'TAPACOCHA', 217, b'0'),
  (21710, 'TICAPAMPA', 217, b'0'),
  (21801, 'CHIMBOTE', 218, b'0'),
  (21802, 'CACERES DEL PERU', 218, b'0'),
  (21803, 'COISHCO', 218, b'0'),
  (21804, 'MACATE', 218, b'0'),
  (21805, 'MORO', 218, b'0'),
  (21806, 'NEPEÑA', 218, b'0'),
  (21807, 'SAMANCO', 218, b'0'),
  (21808, 'SANTA', 218, b'0'),
  (21809, 'NUEVO CHIMBOTE', 218, b'0'),
  (21901, 'SIHUAS', 219, b'0'),
  (21902, 'ACOBAMBA', 219, b'0'),
  (21903, 'ALFONSO UGARTE', 219, b'0'),
  (21904, 'CASHAPAMPA', 219, b'0'),
  (21905, 'CHINGALPO', 219, b'0'),
  (21906, 'HUAYLLABAMBA', 219, b'0'),
  (21907, 'QUICHES', 219, b'0'),
  (21908, 'RAGASH', 219, b'0'),
  (21909, 'SAN JUAN', 219, b'0'),
  (21910, 'SICSIBAMBA', 219, b'0'),
  (22001, 'YUNGAY', 220, b'0'),
  (22002, 'CASCAPARA', 220, b'0'),
  (22003, 'MANCOS', 220, b'0'),
  (22004, 'MATACOTO', 220, b'0'),
  (22005, 'QUILLO', 220, b'0'),
  (22006, 'RANRAHIRCA', 220, b'0'),
  (22007, 'SHUPLUY', 220, b'0'),
  (22008, 'YANAMA', 220, b'0'),
  (30101, 'ABANCAY', 301, b'0'),
  (30102, 'CHACOCHE', 301, b'0'),
  (30103, 'CIRCA', 301, b'0'),
  (30104, 'CURAHUASI', 301, b'0'),
  (30105, 'HUANIPACA', 301, b'0'),
  (30106, 'LAMBRAMA', 301, b'0'),
  (30107, 'PICHIRHUA', 301, b'0'),
  (30108, 'SAN PEDRO DE CACHORA', 301, b'0'),
  (30109, 'TAMBURCO', 301, b'0'),
  (30201, 'ANDAHUAYLAS', 302, b'0'),
  (30202, 'ANDARAPA', 302, b'0'),
  (30203, 'CHIARA', 302, b'0'),
  (30204, 'HUANCARAMA', 302, b'0'),
  (30205, 'HUANCARAY', 302, b'0'),
  (30206, 'HUAYANA', 302, b'0'),
  (30207, 'KISHUARA', 302, b'0'),
  (30208, 'PACOBAMBA', 302, b'0'),
  (30209, 'PACUCHA', 302, b'0'),
  (30210, 'PAMPACHIRI', 302, b'0'),
  (30211, 'POMACOCHA', 302, b'0'),
  (30212, 'SAN ANTONIO DE CACHI', 302, b'0'),
  (30213, 'SAN JERONIMO', 302, b'0'),
  (30214, 'SAN MIGUEL DE CHACCRAMPA', 302, b'0'),
  (30215, 'SANTA MARIA DE CHICMO', 302, b'0'),
  (30216, 'TALAVERA', 302, b'0'),
  (30217, 'TUMAY HUARACA', 302, b'0'),
  (30218, 'TURPO', 302, b'0'),
  (30219, 'KAQUIABAMBA', 302, b'0'),
  (30220, 'JOSE MARIA ARGUEDAS', 302, b'0'),
  (30301, 'ANTABAMBA', 303, b'0'),
  (30302, 'EL ORO', 303, b'0'),
  (30303, 'HUAQUIRCA', 303, b'0'),
  (30304, 'JUAN ESPINOZA MEDRANO', 303, b'0'),
  (30305, 'OROPESA', 303, b'0'),
  (30306, 'PACHACONAS', 303, b'0'),
  (30307, 'SABAINO', 303, b'0'),
  (30401, 'CHALHUANCA', 304, b'0'),
  (30402, 'CAPAYA', 304, b'0'),
  (30403, 'CARAYBAMBA', 304, b'0'),
  (30404, 'CHAPIMARCA', 304, b'0'),
  (30405, 'COLCABAMBA', 304, b'0'),
  (30406, 'COTARUSE', 304, b'0'),
  (30407, 'IHUAYLLO', 304, b'0'),
  (30408, 'JUSTO APU SAHUARAURA', 304, b'0'),
  (30409, 'LUCRE', 304, b'0'),
  (30410, 'POCOHUANCA', 304, b'0'),
  (30411, 'SAN JUAN DE CHACÑA', 304, b'0'),
  (30412, 'SAÑAYCA', 304, b'0'),
  (30413, 'SORAYA', 304, b'0'),
  (30414, 'TAPAIRIHUA', 304, b'0'),
  (30415, 'TINTAY', 304, b'0'),
  (30416, 'TORAYA', 304, b'0'),
  (30417, 'YANACA', 304, b'0'),
  (30501, 'TAMBOBAMBA', 305, b'0'),
  (30502, 'COTABAMBAS', 305, b'0'),
  (30503, 'COYLLURQUI', 305, b'0'),
  (30504, 'HAQUIRA', 305, b'0'),
  (30505, 'MARA', 305, b'0'),
  (30506, 'CHALLHUAHUACHO', 305, b'0'),
  (30601, 'CHINCHEROS', 306, b'0'),
  (30602, 'ANCO_HUALLO', 306, b'0'),
  (30603, 'COCHARCAS', 306, b'0'),
  (30604, 'HUACCANA', 306, b'0'),
  (30605, 'OCOBAMBA', 306, b'0'),
  (30606, 'ONGOY', 306, b'0'),
  (30607, 'URANMARCA', 306, b'0'),
  (30608, 'RANRACANCHA', 306, b'0'),
  (30609, 'ROCCHACC', 306, b'0'),
  (30610, 'EL PORVENIR', 306, b'0'),
  (30611, 'LOS CHANKAS', 306, b'0'),
  (30701, 'CHUQUIBAMBILLA', 307, b'0'),
  (30702, 'CURPAHUASI', 307, b'0'),
  (30703, 'GAMARRA', 307, b'0'),
  (30704, 'HUAYLLATI', 307, b'0'),
  (30705, 'MAMARA', 307, b'0'),
  (30706, 'MICAELA BASTIDAS', 307, b'0'),
  (30707, 'PATAYPAMPA', 307, b'0'),
  (30708, 'PROGRESO', 307, b'0'),
  (30709, 'SAN ANTONIO', 307, b'0'),
  (30710, 'SANTA ROSA', 307, b'0'),
  (30711, 'TURPAY', 307, b'0'),
  (30712, 'VILCABAMBA', 307, b'0'),
  (30713, 'VIRUNDO', 307, b'0'),
  (30714, 'CURASCO', 307, b'0'),
  (40101, 'AREQUIPA', 401, b'0'),
  (40102, 'ALTO SELVA ALEGRE', 401, b'0'),
  (40103, 'CAYMA', 401, b'0'),
  (40104, 'CERRO COLORADO', 401, b'0'),
  (40105, 'CHARACATO', 401, b'0'),
  (40106, 'CHIGUATA', 401, b'0'),
  (40107, 'JACOBO HUNTER', 401, b'0'),
  (40108, 'LA JOYA', 401, b'0'),
  (40109, 'MARIANO MELGAR', 401, b'0'),
  (40110, 'MIRAFLORES', 401, b'0'),
  (40111, 'MOLLEBAYA', 401, b'0'),
  (40112, 'PAUCARPATA', 401, b'0'),
  (40113, 'POCSI', 401, b'0'),
  (40114, 'POLOBAYA', 401, b'0'),
  (40115, 'QUEQUEÑA', 401, b'0'),
  (40116, 'SABANDIA', 401, b'0'),
  (40117, 'SACHACA', 401, b'0'),
  (40118, 'SAN JUAN DE SIGUAS', 401, b'0'),
  (40119, 'SAN JUAN DE TARUCANI', 401, b'0'),
  (40120, 'SANTA ISABEL DE SIGUAS', 401, b'0'),
  (40121, 'SANTA RITA DE SIGUAS', 401, b'0'),
  (40122, 'SOCABAYA', 401, b'0'),
  (40123, 'TIABAYA', 401, b'0'),
  (40124, 'UCHUMAYO', 401, b'0'),
  (40125, 'VITOR', 401, b'0'),
  (40126, 'YANAHUARA', 401, b'0'),
  (40127, 'YARABAMBA', 401, b'0'),
  (40128, 'YURA', 401, b'0'),
  (40129, 'JOSE LUIS BUSTAMANTE Y RIVERO', 401, b'0'),
  (40201, 'CAMANA', 402, b'0'),
  (40202, 'JOSE MARIA QUIMPER', 402, b'0'),
  (40203, 'MARIANO NICOLAS VALCARCEL', 402, b'0'),
  (40204, 'MARISCAL CACERES', 402, b'0'),
  (40205, 'NICOLAS DE PIEROLA', 402, b'0'),
  (40206, 'OCOÑA', 402, b'0'),
  (40207, 'QUILCA', 402, b'0'),
  (40208, 'SAMUEL PASTOR', 402, b'0'),
  (40301, 'CARAVELI', 403, b'0'),
  (40302, 'ACARI', 403, b'0'),
  (40303, 'ATICO', 403, b'0'),
  (40304, 'ATIQUIPA', 403, b'0'),
  (40305, 'BELLA UNION', 403, b'0'),
  (40306, 'CAHUACHO', 403, b'0'),
  (40307, 'CHALA', 403, b'0'),
  (40308, 'CHAPARRA', 403, b'0'),
  (40309, 'HUANUHUANU', 403, b'0'),
  (40310, 'JAQUI', 403, b'0'),
  (40311, 'LOMAS', 403, b'0'),
  (40312, 'QUICACHA', 403, b'0'),
  (40313, 'YAUCA', 403, b'0'),
  (40401, 'APLAO', 404, b'0'),
  (40402, 'ANDAGUA', 404, b'0'),
  (40403, 'AYO', 404, b'0'),
  (40404, 'CHACHAS', 404, b'0'),
  (40405, 'CHILCAYMARCA', 404, b'0'),
  (40406, 'CHOCO', 404, b'0'),
  (40407, 'HUANCARQUI', 404, b'0'),
  (40408, 'MACHAGUAY', 404, b'0'),
  (40409, 'ORCOPAMPA', 404, b'0'),
  (40410, 'PAMPACOLCA', 404, b'0'),
  (40411, 'TIPAN', 404, b'0'),
  (40412, 'UÑON', 404, b'0'),
  (40413, 'URACA', 404, b'0'),
  (40414, 'VIRACO', 404, b'0'),
  (40501, 'CHIVAY', 405, b'0'),
  (40502, 'ACHOMA', 405, b'0'),
  (40503, 'CABANACONDE', 405, b'0'),
  (40504, 'CALLALLI', 405, b'0'),
  (40505, 'CAYLLOMA', 405, b'0'),
  (40506, 'COPORAQUE', 405, b'0'),
  (40507, 'HUAMBO', 405, b'0'),
  (40508, 'HUANCA', 405, b'0'),
  (40509, 'ICHUPAMPA', 405, b'0'),
  (40510, 'LARI', 405, b'0'),
  (40511, 'LLUTA', 405, b'0'),
  (40512, 'MACA', 405, b'0'),
  (40513, 'MADRIGAL', 405, b'0'),
  (40514, 'SAN ANTONIO DE CHUCA', 405, b'0'),
  (40515, 'SIBAYO', 405, b'0'),
  (40516, 'TAPAY', 405, b'0'),
  (40517, 'TISCO', 405, b'0'),
  (40518, 'TUTI', 405, b'0'),
  (40519, 'YANQUE', 405, b'0'),
  (40520, 'MAJES', 405, b'0'),
  (40601, 'CHUQUIBAMBA', 406, b'0'),
  (40602, 'ANDARAY', 406, b'0'),
  (40603, 'CAYARANI', 406, b'0'),
  (40604, 'CHICHAS', 406, b'0'),
  (40605, 'IRAY', 406, b'0'),
  (40606, 'RIO GRANDE', 406, b'0'),
  (40607, 'SALAMANCA', 406, b'0'),
  (40608, 'YANAQUIHUA', 406, b'0'),
  (40701, 'MOLLENDO', 407, b'0'),
  (40702, 'COCACHACRA', 407, b'0'),
  (40703, 'DEAN VALDIVIA', 407, b'0'),
  (40704, 'ISLAY', 407, b'0'),
  (40705, 'MEJIA', 407, b'0'),
  (40706, 'PUNTA DE BOMBON', 407, b'0'),
  (40801, 'COTAHUASI', 408, b'0'),
  (40802, 'ALCA', 408, b'0'),
  (40803, 'CHARCANA', 408, b'0'),
  (40804, 'HUAYNACOTAS', 408, b'0'),
  (40805, 'PAMPAMARCA', 408, b'0'),
  (40806, 'PUYCA', 408, b'0'),
  (40807, 'QUECHUALLA', 408, b'0'),
  (40808, 'SAYLA', 408, b'0'),
  (40809, 'TAURIA', 408, b'0'),
  (40810, 'TOMEPAMPA', 408, b'0'),
  (40811, 'TORO', 408, b'0'),
  (50101, 'AYACUCHO', 501, b'0'),
  (50102, 'ACOCRO', 501, b'0'),
  (50103, 'ACOS VINCHOS', 501, b'0'),
  (50104, 'CARMEN ALTO', 501, b'0'),
  (50105, 'CHIARA', 501, b'0'),
  (50106, 'OCROS', 501, b'0'),
  (50107, 'PACAYCASA', 501, b'0'),
  (50108, 'QUINUA', 501, b'0'),
  (50109, 'SAN JOSE DE TICLLAS', 501, b'0'),
  (50110, 'SAN JUAN BAUTISTA', 501, b'0'),
  (50111, 'SANTIAGO DE PISCHA', 501, b'0'),
  (50112, 'SOCOS', 501, b'0'),
  (50113, 'TAMBILLO', 501, b'0'),
  (50114, 'VINCHOS', 501, b'0'),
  (50115, 'JESUS NAZARENO', 501, b'0'),
  (50116, 'ANDRES AVELINO CACERES DORREGARAY', 501, b'0'),
  (50201, 'CANGALLO', 502, b'0'),
  (50202, 'CHUSCHI', 502, b'0'),
  (50203, 'LOS MOROCHUCOS', 502, b'0'),
  (50204, 'MARIA PARADO DE BELLIDO', 502, b'0'),
  (50205, 'PARAS', 502, b'0'),
  (50206, 'TOTOS', 502, b'0'),
  (50301, 'SANCOS', 503, b'0'),
  (50302, 'CARAPO', 503, b'0'),
  (50303, 'SACSAMARCA', 503, b'0'),
  (50304, 'SANTIAGO DE LUCANAMARCA', 503, b'0'),
  (50401, 'HUANTA', 504, b'0'),
  (50402, 'AYAHUANCO', 504, b'0'),
  (50403, 'HUAMANGUILLA', 504, b'0'),
  (50404, 'IGUAIN', 504, b'0'),
  (50405, 'LURICOCHA', 504, b'0'),
  (50406, 'SANTILLANA', 504, b'0'),
  (50407, 'SIVIA', 504, b'0'),
  (50408, 'LLOCHEGUA', 504, b'0'),
  (50409, 'CANAYRE', 504, b'0'),
  (50410, 'UCHURACCAY', 504, b'0'),
  (50411, 'PUCACOLPA', 504, b'0'),
  (50412, 'CHACA', 504, b'0'),
  (50501, 'SAN MIGUEL', 505, b'0'),
  (50502, 'ANCO', 505, b'0'),
  (50503, 'AYNA', 505, b'0'),
  (50504, 'CHILCAS', 505, b'0'),
  (50505, 'CHUNGUI', 505, b'0'),
  (50506, 'LUIS CARRANZA', 505, b'0'),
  (50507, 'SANTA ROSA', 505, b'0'),
  (50508, 'TAMBO', 505, b'0'),
  (50509, 'SAMUGARI', 505, b'0'),
  (50510, 'ANCHIHUAY', 505, b'0'),
  (50511, 'ORONCCOY', 505, b'0'),
  (50601, 'PUQUIO', 506, b'0'),
  (50602, 'AUCARA', 506, b'0'),
  (50603, 'CABANA', 506, b'0'),
  (50604, 'CARMEN SALCEDO', 506, b'0'),
  (50605, 'CHAVIÑA', 506, b'0'),
  (50606, 'CHIPAO', 506, b'0'),
  (50607, 'HUAC-HUAS', 506, b'0'),
  (50608, 'LARAMATE', 506, b'0'),
  (50609, 'LEONCIO PRADO', 506, b'0'),
  (50610, 'LLAUTA', 506, b'0'),
  (50611, 'LUCANAS', 506, b'0'),
  (50612, 'OCAÑA', 506, b'0'),
  (50613, 'OTOCA', 506, b'0'),
  (50614, 'SAISA', 506, b'0'),
  (50615, 'SAN CRISTOBAL', 506, b'0'),
  (50616, 'SAN JUAN', 506, b'0'),
  (50617, 'SAN PEDRO', 506, b'0'),
  (50618, 'SAN PEDRO DE PALCO', 506, b'0'),
  (50619, 'SANCOS', 506, b'0'),
  (50620, 'SANTA ANA DE HUAYCAHUACHO', 506, b'0'),
  (50621, 'SANTA LUCIA', 506, b'0'),
  (50701, 'CORACORA', 507, b'0'),
  (50702, 'CHUMPI', 507, b'0'),
  (50703, 'CORONEL CASTAÑEDA', 507, b'0'),
  (50704, 'PACAPAUSA', 507, b'0'),
  (50705, 'PULLO', 507, b'0'),
  (50706, 'PUYUSCA', 507, b'0'),
  (50707, 'SAN FRANCISCO DE RAVACAYCO', 507, b'0'),
  (50708, 'UPAHUACHO', 507, b'0'),
  (50801, 'PAUSA', 508, b'0'),
  (50802, 'COLTA', 508, b'0'),
  (50803, 'CORCULLA', 508, b'0'),
  (50804, 'LAMPA', 508, b'0'),
  (50805, 'MARCABAMBA', 508, b'0'),
  (50806, 'OYOLO', 508, b'0'),
  (50807, 'PARARCA', 508, b'0'),
  (50808, 'SAN JAVIER DE ALPABAMBA', 508, b'0'),
  (50809, 'SAN JOSE DE USHUA', 508, b'0'),
  (50810, 'SARA SARA', 508, b'0'),
  (50901, 'QUEROBAMBA', 509, b'0'),
  (50902, 'BELEN', 509, b'0'),
  (50903, 'CHALCOS', 509, b'0'),
  (50904, 'CHILCAYOC', 509, b'0'),
  (50905, 'HUACAÑA', 509, b'0'),
  (50906, 'MORCOLLA', 509, b'0'),
  (50907, 'PAICO', 509, b'0'),
  (50908, 'SAN PEDRO DE LARCAY', 509, b'0'),
  (50909, 'SAN SALVADOR DE QUIJE', 509, b'0'),
  (50910, 'SANTIAGO DE PAUCARAY', 509, b'0'),
  (50911, 'SORAS', 509, b'0'),
  (51001, 'HUANCAPI', 510, b'0'),
  (51002, 'ALCAMENCA', 510, b'0'),
  (51003, 'APONGO', 510, b'0'),
  (51004, 'ASQUIPATA', 510, b'0'),
  (51005, 'CANARIA', 510, b'0'),
  (51006, 'CAYARA', 510, b'0'),
  (51007, 'COLCA', 510, b'0'),
  (51008, 'HUAMANQUIQUIA', 510, b'0'),
  (51009, 'HUANCARAYLLA', 510, b'0'),
  (51010, 'HUALLA', 510, b'0'),
  (51011, 'SARHUA', 510, b'0'),
  (51012, 'VILCANCHOS', 510, b'0'),
  (51101, 'VILCAS HUAMAN', 511, b'0'),
  (51102, 'ACCOMARCA', 511, b'0'),
  (51103, 'CARHUANCA', 511, b'0'),
  (51104, 'CONCEPCION', 511, b'0'),
  (51105, 'HUAMBALPA', 511, b'0'),
  (51106, 'INDEPENDENCIA', 511, b'0'),
  (51107, 'SAURAMA', 511, b'0'),
  (51108, 'VISCHONGO', 511, b'0'),
  (60101, 'CAJAMARCA', 601, b'0'),
  (60102, 'ASUNCION', 601, b'0'),
  (60103, 'CHETILLA', 601, b'0'),
  (60104, 'COSPAN', 601, b'0'),
  (60105, 'ENCAÑADA', 601, b'0'),
  (60106, 'JESUS', 601, b'0'),
  (60107, 'LLACANORA', 601, b'0'),
  (60108, 'LOS BAÑOS DEL INCA', 601, b'0'),
  (60109, 'MAGDALENA', 601, b'0'),
  (60110, 'MATARA', 601, b'0'),
  (60111, 'NAMORA', 601, b'0'),
  (60112, 'SAN JUAN', 601, b'0'),
  (60201, 'CAJABAMBA', 602, b'0'),
  (60202, 'CACHACHI', 602, b'0'),
  (60203, 'CONDEBAMBA', 602, b'0'),
  (60204, 'SITACOCHA', 602, b'0'),
  (60301, 'CELENDIN', 603, b'0'),
  (60302, 'CHUMUCH', 603, b'0'),
  (60303, 'CORTEGANA', 603, b'0'),
  (60304, 'HUASMIN', 603, b'0'),
  (60305, 'JORGE CHAVEZ', 603, b'0'),
  (60306, 'JOSE GALVEZ', 603, b'0'),
  (60307, 'MIGUEL IGLESIAS', 603, b'0'),
  (60308, 'OXAMARCA', 603, b'0'),
  (60309, 'SOROCHUCO', 603, b'0'),
  (60310, 'SUCRE', 603, b'0'),
  (60311, 'UTCO', 603, b'0'),
  (60312, 'LA LIBERTAD DE PALLAN', 603, b'0'),
  (60401, 'CHOTA', 604, b'0'),
  (60402, 'ANGUIA', 604, b'0'),
  (60403, 'CHADIN', 604, b'0'),
  (60404, 'CHIGUIRIP', 604, b'0'),
  (60405, 'CHIMBAN', 604, b'0'),
  (60406, 'CHOROPAMPA', 604, b'0'),
  (60407, 'COCHABAMBA', 604, b'0'),
  (60408, 'CONCHAN', 604, b'0'),
  (60409, 'HUAMBOS', 604, b'0'),
  (60410, 'LAJAS', 604, b'0'),
  (60411, 'LLAMA', 604, b'0'),
  (60412, 'MIRACOSTA', 604, b'0'),
  (60413, 'PACCHA', 604, b'0'),
  (60414, 'PION', 604, b'0'),
  (60415, 'QUEROCOTO', 604, b'0'),
  (60416, 'SAN JUAN DE LICUPIS', 604, b'0'),
  (60417, 'TACABAMBA', 604, b'0'),
  (60418, 'TOCMOCHE', 604, b'0'),
  (60419, 'CHALAMARCA', 604, b'0'),
  (60501, 'CONTUMAZA', 605, b'0'),
  (60502, 'CHILETE', 605, b'0'),
  (60503, 'CUPISNIQUE', 605, b'0'),
  (60504, 'GUZMANGO', 605, b'0'),
  (60505, 'SAN BENITO', 605, b'0'),
  (60506, 'SANTA CRUZ DE TOLEDO', 605, b'0'),
  (60507, 'TANTARICA', 605, b'0'),
  (60508, 'YONAN', 605, b'0'),
  (60601, 'CUTERVO', 606, b'0'),
  (60602, 'CALLAYUC', 606, b'0'),
  (60603, 'CHOROS', 606, b'0'),
  (60604, 'CUJILLO', 606, b'0'),
  (60605, 'LA RAMADA', 606, b'0'),
  (60606, 'PIMPINGOS', 606, b'0'),
  (60607, 'QUEROCOTILLO', 606, b'0'),
  (60608, 'SAN ANDRES DE CUTERVO', 606, b'0'),
  (60609, 'SAN JUAN DE CUTERVO', 606, b'0'),
  (60610, 'SAN LUIS DE LUCMA', 606, b'0'),
  (60611, 'SANTA CRUZ', 606, b'0'),
  (60612, 'SANTO DOMINGO DE LA CAPILLA', 606, b'0'),
  (60613, 'SANTO TOMAS', 606, b'0'),
  (60614, 'SOCOTA', 606, b'0'),
  (60615, 'TORIBIO CASANOVA', 606, b'0'),
  (60701, 'BAMBAMARCA', 607, b'0'),
  (60702, 'CHUGUR', 607, b'0'),
  (60703, 'HUALGAYOC', 607, b'0'),
  (60801, 'JAEN', 608, b'0'),
  (60802, 'BELLAVISTA', 608, b'0'),
  (60803, 'CHONTALI', 608, b'0'),
  (60804, 'COLASAY', 608, b'0'),
  (60805, 'HUABAL', 608, b'0'),
  (60806, 'LAS PIRIAS', 608, b'0'),
  (60807, 'POMAHUACA', 608, b'0'),
  (60808, 'PUCARA', 608, b'0'),
  (60809, 'SALLIQUE', 608, b'0'),
  (60810, 'SAN FELIPE', 608, b'0'),
  (60811, 'SAN JOSE DEL ALTO', 608, b'0'),
  (60812, 'SANTA ROSA', 608, b'0'),
  (60901, 'SAN IGNACIO', 609, b'0'),
  (60902, 'CHIRINOS', 609, b'0'),
  (60903, 'HUARANGO', 609, b'0'),
  (60904, 'LA COIPA', 609, b'0'),
  (60905, 'NAMBALLE', 609, b'0'),
  (60906, 'SAN JOSE DE LOURDES', 609, b'0'),
  (60907, 'TABACONAS', 609, b'0'),
  (61001, 'PEDRO GALVEZ', 610, b'0'),
  (61002, 'CHANCAY', 610, b'0'),
  (61003, 'EDUARDO VILLANUEVA', 610, b'0'),
  (61004, 'GREGORIO PITA', 610, b'0'),
  (61005, 'ICHOCAN', 610, b'0'),
  (61006, 'JOSE MANUEL QUIROZ', 610, b'0'),
  (61007, 'JOSE SABOGAL', 610, b'0'),
  (61101, 'SAN MIGUEL', 611, b'0'),
  (61102, 'BOLIVAR', 611, b'0'),
  (61103, 'CALQUIS', 611, b'0'),
  (61104, 'CATILLUC', 611, b'0'),
  (61105, 'EL PRADO', 611, b'0'),
  (61106, 'LA FLORIDA', 611, b'0'),
  (61107, 'LLAPA', 611, b'0'),
  (61108, 'NANCHOC', 611, b'0'),
  (61109, 'NIEPOS', 611, b'0'),
  (61110, 'SAN GREGORIO', 611, b'0'),
  (61111, 'SAN SILVESTRE DE COCHAN', 611, b'0'),
  (61112, 'TONGOD', 611, b'0'),
  (61113, 'UNION AGUA BLANCA', 611, b'0'),
  (61201, 'SAN PABLO', 612, b'0'),
  (61202, 'SAN BERNARDINO', 612, b'0'),
  (61203, 'SAN LUIS', 612, b'0'),
  (61204, 'TUMBADEN', 612, b'0'),
  (61301, 'SANTA CRUZ', 613, b'0'),
  (61302, 'ANDABAMBA', 613, b'0'),
  (61303, 'CATACHE', 613, b'0'),
  (61304, 'CHANCAYBAÑOS', 613, b'0'),
  (61305, 'LA ESPERANZA', 613, b'0'),
  (61306, 'NINABAMBA', 613, b'0'),
  (61307, 'PULAN', 613, b'0'),
  (61308, 'SAUCEPAMPA', 613, b'0'),
  (61309, 'SEXI', 613, b'0'),
  (61310, 'UTICYACU', 613, b'0'),
  (61311, 'YAUYUCAN', 613, b'0'),
  (70101, 'CALLAO', 701, b'0'),
  (70102, 'BELLAVISTA', 701, b'0'),
  (70103, 'CARMEN DE LA LEGUA REYNOSO', 701, b'0'),
  (70104, 'LA PERLA', 701, b'0'),
  (70105, 'LA PUNTA', 701, b'0'),
  (70106, 'VENTANILLA', 701, b'0'),
  (70107, 'MI PERU', 701, b'0'),
  (80101, 'CUSCO', 801, b'0'),
  (80102, 'CCORCA', 801, b'0'),
  (80103, 'POROY', 801, b'0'),
  (80104, 'SAN JERONIMO', 801, b'0'),
  (80105, 'SAN SEBASTIAN', 801, b'0'),
  (80106, 'SANTIAGO', 801, b'0'),
  (80107, 'SAYLLA', 801, b'0'),
  (80108, 'WANCHAQ', 801, b'0'),
  (80201, 'ACOMAYO', 802, b'0'),
  (80202, 'ACOPIA', 802, b'0'),
  (80203, 'ACOS', 802, b'0'),
  (80204, 'MOSOC LLACTA', 802, b'0'),
  (80205, 'POMACANCHI', 802, b'0'),
  (80206, 'RONDOCAN', 802, b'0'),
  (80207, 'SANGARARA', 802, b'0'),
  (80301, 'ANTA', 803, b'0'),
  (80302, 'ANCAHUASI', 803, b'0'),
  (80303, 'CACHIMAYO', 803, b'0'),
  (80304, 'CHINCHAYPUJIO', 803, b'0'),
  (80305, 'HUAROCONDO', 803, b'0'),
  (80306, 'LIMATAMBO', 803, b'0'),
  (80307, 'MOLLEPATA', 803, b'0'),
  (80308, 'PUCYURA', 803, b'0'),
  (80309, 'ZURITE', 803, b'0'),
  (80401, 'CALCA', 804, b'0'),
  (80402, 'COYA', 804, b'0'),
  (80403, 'LAMAY', 804, b'0'),
  (80404, 'LARES', 804, b'0'),
  (80405, 'PISAC', 804, b'0'),
  (80406, 'SAN SALVADOR', 804, b'0'),
  (80407, 'TARAY', 804, b'0'),
  (80408, 'YANATILE', 804, b'0'),
  (80501, 'YANAOCA', 805, b'0'),
  (80502, 'CHECCA', 805, b'0'),
  (80503, 'KUNTURKANKI', 805, b'0'),
  (80504, 'LANGUI', 805, b'0'),
  (80505, 'LAYO', 805, b'0'),
  (80506, 'PAMPAMARCA', 805, b'0'),
  (80507, 'QUEHUE', 805, b'0'),
  (80508, 'TUPAC AMARU', 805, b'0'),
  (80601, 'SICUANI', 806, b'0'),
  (80602, 'CHECACUPE', 806, b'0'),
  (80603, 'COMBAPATA', 806, b'0'),
  (80604, 'MARANGANI', 806, b'0'),
  (80605, 'PITUMARCA', 806, b'0'),
  (80606, 'SAN PABLO', 806, b'0'),
  (80607, 'SAN PEDRO', 806, b'0'),
  (80608, 'TINTA', 806, b'0'),
  (80701, 'SANTO TOMAS', 807, b'0'),
  (80702, 'CAPACMARCA', 807, b'0'),
  (80703, 'CHAMACA', 807, b'0'),
  (80704, 'COLQUEMARCA', 807, b'0'),
  (80705, 'LIVITACA', 807, b'0'),
  (80706, 'LLUSCO', 807, b'0'),
  (80707, 'QUIÑOTA', 807, b'0'),
  (80708, 'VELILLE', 807, b'0'),
  (80801, 'ESPINAR', 808, b'0'),
  (80802, 'CONDOROMA', 808, b'0'),
  (80803, 'COPORAQUE', 808, b'0'),
  (80804, 'OCORURO', 808, b'0'),
  (80805, 'PALLPATA', 808, b'0'),
  (80806, 'PICHIGUA', 808, b'0'),
  (80807, 'SUYCKUTAMBO', 808, b'0'),
  (80808, 'ALTO PICHIGUA', 808, b'0'),
  (80901, 'SANTA ANA', 809, b'0'),
  (80902, 'ECHARATE', 809, b'0'),
  (80903, 'HUAYOPATA', 809, b'0'),
  (80904, 'MARANURA', 809, b'0'),
  (80905, 'OCOBAMBA', 809, b'0'),
  (80906, 'QUELLOUNO', 809, b'0'),
  (80907, 'KIMBIRI', 809, b'0'),
  (80908, 'SANTA TERESA', 809, b'0'),
  (80909, 'VILCABAMBA', 809, b'0'),
  (80910, 'PICHARI', 809, b'0'),
  (80911, 'INKAWASI', 809, b'0'),
  (80912, 'VILLA VIRGEN', 809, b'0'),
  (80913, 'VILLA KINTIARINA', 809, b'0'),
  (80914, 'MEGANTONI', 809, b'0'),
  (81001, 'PARURO', 810, b'0'),
  (81002, 'ACCHA', 810, b'0'),
  (81003, 'CCAPI', 810, b'0'),
  (81004, 'COLCHA', 810, b'0'),
  (81005, 'HUANOQUITE', 810, b'0'),
  (81006, 'OMACHAÇ', 810, b'0'),
  (81007, 'PACCARITAMBO', 810, b'0'),
  (81008, 'PILLPINTO', 810, b'0'),
  (81009, 'YAURISQUE', 810, b'0'),
  (81101, 'PAUCARTAMBO', 811, b'0'),
  (81102, 'CAICAY', 811, b'0'),
  (81103, 'CHALLABAMBA', 811, b'0'),
  (81104, 'COLQUEPATA', 811, b'0'),
  (81105, 'HUANCARANI', 811, b'0'),
  (81106, 'KOSÑIPATA', 811, b'0'),
  (81201, 'URCOS', 812, b'0'),
  (81202, 'ANDAHUAYLILLAS', 812, b'0'),
  (81203, 'CAMANTI', 812, b'0'),
  (81204, 'CCARHUAYO', 812, b'0'),
  (81205, 'CCATCA', 812, b'0'),
  (81206, 'CUSIPATA', 812, b'0'),
  (81207, 'HUARO', 812, b'0'),
  (81208, 'LUCRE', 812, b'0'),
  (81209, 'MARCAPATA', 812, b'0'),
  (81210, 'OCONGATE', 812, b'0'),
  (81211, 'OROPESA', 812, b'0'),
  (81212, 'QUIQUIJANA', 812, b'0'),
  (81301, 'URUBAMBA', 813, b'0'),
  (81302, 'CHINCHERO', 813, b'0'),
  (81303, 'HUAYLLABAMBA', 813, b'0'),
  (81304, 'MACHUPICCHU', 813, b'0'),
  (81305, 'MARAS', 813, b'0'),
  (81306, 'OLLANTAYTAMBO', 813, b'0'),
  (81307, 'YUCAY', 813, b'0'),
  (90101, 'HUANCAVELICA', 901, b'0'),
  (90102, 'ACOBAMBILLA', 901, b'0'),
  (90103, 'ACORIA', 901, b'0'),
  (90104, 'CONAYCA', 901, b'0'),
  (90105, 'CUENCA', 901, b'0'),
  (90106, 'HUACHOCOLPA', 901, b'0'),
  (90107, 'HUAYLLAHUARA', 901, b'0'),
  (90108, 'IZCUCHACA', 901, b'0'),
  (90109, 'LARIA', 901, b'0'),
  (90110, 'MANTA', 901, b'0'),
  (90111, 'MARISCAL CACERES', 901, b'0'),
  (90112, 'MOYA', 901, b'0'),
  (90113, 'NUEVO OCCORO', 901, b'0'),
  (90114, 'PALCA', 901, b'0'),
  (90115, 'PILCHACA', 901, b'0'),
  (90116, 'VILCA', 901, b'0'),
  (90117, 'YAULI', 901, b'0'),
  (90118, 'ASCENSION', 901, b'0'),
  (90119, 'HUANDO', 901, b'0'),
  (90201, 'ACOBAMBA', 902, b'0'),
  (90202, 'ANDABAMBA', 902, b'0'),
  (90203, 'ANTA', 902, b'0'),
  (90204, 'CAJA', 902, b'0'),
  (90205, 'MARCAS', 902, b'0'),
  (90206, 'PAUCARA', 902, b'0'),
  (90207, 'POMACOCHA', 902, b'0'),
  (90208, 'ROSARIO', 902, b'0'),
  (90301, 'LIRCAY', 903, b'0'),
  (90302, 'ANCHONGA', 903, b'0'),
  (90303, 'CALLANMARCA', 903, b'0'),
  (90304, 'CCOCHACCASA', 903, b'0'),
  (90305, 'CHINCHO', 903, b'0'),
  (90306, 'CONGALLA', 903, b'0'),
  (90307, 'HUANCA-HUANCA', 903, b'0'),
  (90308, 'HUAYLLAY GRANDE', 903, b'0'),
  (90309, 'JULCAMARCA', 903, b'0'),
  (90310, 'SAN ANTONIO DE ANTAPARCO', 903, b'0'),
  (90311, 'SANTO TOMAS DE PATA', 903, b'0'),
  (90312, 'SECCLLA', 903, b'0'),
  (90401, 'CASTROVIRREYNA', 904, b'0'),
  (90402, 'ARMA', 904, b'0'),
  (90403, 'AURAHUA', 904, b'0'),
  (90404, 'CAPILLAS', 904, b'0'),
  (90405, 'CHUPAMARCA', 904, b'0'),
  (90406, 'COCAS', 904, b'0'),
  (90407, 'HUACHOS', 904, b'0'),
  (90408, 'HUAMATAMBO', 904, b'0'),
  (90409, 'MOLLEPAMPA', 904, b'0'),
  (90410, 'SAN JUAN', 904, b'0'),
  (90411, 'SANTA ANA', 904, b'0'),
  (90412, 'TANTARA', 904, b'0'),
  (90413, 'TICRAPO', 904, b'0'),
  (90501, 'CHURCAMPA', 905, b'0'),
  (90502, 'ANCO', 905, b'0'),
  (90503, 'CHINCHIHUASI', 905, b'0'),
  (90504, 'EL CARMEN', 905, b'0'),
  (90505, 'LA MERCED', 905, b'0'),
  (90506, 'LOCROJA', 905, b'0'),
  (90507, 'PAUCARBAMBA', 905, b'0'),
  (90508, 'SAN MIGUEL DE MAYOCC', 905, b'0'),
  (90509, 'SAN PEDRO DE CORIS', 905, b'0'),
  (90510, 'PACHAMARCA', 905, b'0'),
  (90511, 'COSME', 905, b'0'),
  (90601, 'HUAYTARA', 906, b'0'),
  (90602, 'AYAVI', 906, b'0'),
  (90603, 'CORDOVA', 906, b'0'),
  (90604, 'HUAYACUNDO ARMA', 906, b'0'),
  (90605, 'LARAMARCA', 906, b'0'),
  (90606, 'OCOYO', 906, b'0'),
  (90607, 'PILPICHACA', 906, b'0'),
  (90608, 'QUERCO', 906, b'0'),
  (90609, 'QUITO-ARMA', 906, b'0'),
  (90610, 'SAN ANTONIO DE CUSICANCHA', 906, b'0'),
  (90611, 'SAN FRANCISCO DE SANGAYAICO', 906, b'0'),
  (90612, 'SAN ISIDRO', 906, b'0'),
  (90613, 'SANTIAGO DE CHOCORVOS', 906, b'0'),
  (90614, 'SANTIAGO DE QUIRAHUARA', 906, b'0'),
  (90615, 'SANTO DOMINGO DE CAPILLAS', 906, b'0'),
  (90616, 'TAMBO', 906, b'0'),
  (90701, 'PAMPAS', 907, b'0'),
  (90702, 'ACOSTAMBO', 907, b'0'),
  (90703, 'ACRAQUIA', 907, b'0'),
  (90704, 'AHUAYCHA', 907, b'0'),
  (90705, 'COLCABAMBA', 907, b'0'),
  (90706, 'DANIEL HERNANDEZ', 907, b'0'),
  (90707, 'HUACHOCOLPA', 907, b'0'),
  (90709, 'HUARIBAMBA', 907, b'0'),
  (90710, 'ÑAHUIMPUQUIO', 907, b'0'),
  (90711, 'PAZOS', 907, b'0'),
  (90713, 'QUISHUAR', 907, b'0'),
  (90714, 'SALCABAMBA', 907, b'0'),
  (90715, 'SALCAHUASI', 907, b'0'),
  (90716, 'SAN MARCOS DE ROCCHAC', 907, b'0'),
  (90717, 'SURCUBAMBA', 907, b'0'),
  (90718, 'TINTAY PUNCU', 907, b'0'),
  (90719, 'QUICHUAS', 907, b'0'),
  (90720, 'ANDAYMARCA', 907, b'0'),
  (90721, 'ROBLE', 907, b'0'),
  (90722, 'PICHOS', 907, b'0'),
  (90723, 'SANTIAGO DE TUCUMA', 907, b'0'),
  (100101, 'HUANUCO', 1001, b'0'),
  (100102, 'AMARILIS', 1001, b'0'),
  (100103, 'CHINCHAO', 1001, b'0'),
  (100104, 'CHURUBAMBA', 1001, b'0'),
  (100105, 'MARGOS', 1001, b'0'),
  (100106, 'QUISQUI (KICHKI)', 1001, b'0'),
  (100107, 'SAN FRANCISCO DE CAYRAN', 1001, b'0'),
  (100108, 'SAN PEDRO DE CHAULAN', 1001, b'0'),
  (100109, 'SANTA MARIA DEL VALLE', 1001, b'0'),
  (100110, 'YARUMAYO', 1001, b'0'),
  (100111, 'PILLCO MARCA', 1001, b'0'),
  (100112, 'YACUS', 1001, b'0'),
  (100113, 'SAN PABLO DE PILLAO', 1001, b'0'),
  (100201, 'AMBO', 1002, b'0'),
  (100202, 'CAYNA', 1002, b'0'),
  (100203, 'COLPAS', 1002, b'0'),
  (100204, 'CONCHAMARCA', 1002, b'0'),
  (100205, 'HUACAR', 1002, b'0'),
  (100206, 'SAN FRANCISCO', 1002, b'0'),
  (100207, 'SAN RAFAEL', 1002, b'0'),
  (100208, 'TOMAY KICHWA', 1002, b'0'),
  (100301, 'LA UNION', 1003, b'0'),
  (100307, 'CHUQUIS', 1003, b'0'),
  (100311, 'MARIAS', 1003, b'0'),
  (100313, 'PACHAS', 1003, b'0'),
  (100316, 'QUIVILLA', 1003, b'0'),
  (100317, 'RIPAN', 1003, b'0'),
  (100321, 'SHUNQUI', 1003, b'0'),
  (100322, 'SILLAPATA', 1003, b'0'),
  (100323, 'YANAS', 1003, b'0'),
  (100401, 'HUACAYBAMBA', 1004, b'0'),
  (100402, 'CANCHABAMBA', 1004, b'0'),
  (100403, 'COCHABAMBA', 1004, b'0'),
  (100404, 'PINRA', 1004, b'0'),
  (100501, 'LLATA', 1005, b'0'),
  (100502, 'ARANCAY', 1005, b'0'),
  (100503, 'CHAVIN DE PARIARCA', 1005, b'0'),
  (100504, 'JACAS GRANDE', 1005, b'0'),
  (100505, 'JIRCAN', 1005, b'0'),
  (100506, 'MIRAFLORES', 1005, b'0'),
  (100507, 'MONZON', 1005, b'0'),
  (100508, 'PUNCHAO', 1005, b'0'),
  (100509, 'PUÑOS', 1005, b'0'),
  (100510, 'SINGA', 1005, b'0'),
  (100511, 'TANTAMAYO', 1005, b'0'),
  (100601, 'RUPA-RUPA', 1006, b'0'),
  (100602, 'DANIEL ALOMIA ROBLES', 1006, b'0'),
  (100603, 'HERMILIO VALDIZAN', 1006, b'0'),
  (100604, 'JOSE CRESPO Y CASTILLO', 1006, b'0'),
  (100605, 'LUYANDO', 1006, b'0'),
  (100606, 'MARIANO DAMASO BERAUN', 1006, b'0'),
  (100607, 'PUCAYACU', 1006, b'0'),
  (100608, 'CASTILLO GRANDE', 1006, b'0'),
  (100609, 'PUEBLO NUEVO', 1006, b'0'),
  (100610, 'SANTO DOMINGO DE ANDA', 1006, b'0'),
  (100701, 'HUACRACHUCO', 1007, b'0'),
  (100702, 'CHOLON', 1007, b'0'),
  (100703, 'SAN BUENAVENTURA', 1007, b'0'),
  (100704, 'LA MORADA', 1007, b'0'),
  (100705, 'SANTA ROSA DE ALTO YANAJANCA', 1007, b'0'),
  (100801, 'PANAO', 1008, b'0'),
  (100802, 'CHAGLLA', 1008, b'0'),
  (100803, 'MOLINO', 1008, b'0'),
  (100804, 'UMARI', 1008, b'0'),
  (100901, 'PUERTO INCA', 1009, b'0'),
  (100902, 'CODO DEL POZUZO', 1009, b'0'),
  (100903, 'HONORIA', 1009, b'0'),
  (100904, 'TOURNAVISTA', 1009, b'0'),
  (100905, 'YUYAPICHIS', 1009, b'0'),
  (101001, 'JESUS', 1010, b'0'),
  (101002, 'BAÑOS', 1010, b'0'),
  (101003, 'JIVIA', 1010, b'0'),
  (101004, 'QUEROPALCA', 1010, b'0'),
  (101005, 'RONDOS', 1010, b'0'),
  (101006, 'SAN FRANCISCO DE ASIS', 1010, b'0'),
  (101007, 'SAN MIGUEL DE CAURI', 1010, b'0'),
  (101101, 'CHAVINILLO', 1011, b'0'),
  (101102, 'CAHUAC', 1011, b'0'),
  (101103, 'CHACABAMBA', 1011, b'0'),
  (101104, 'APARICIO POMARES', 1011, b'0'),
  (101105, 'JACAS CHICO', 1011, b'0'),
  (101106, 'OBAS', 1011, b'0'),
  (101107, 'PAMPAMARCA', 1011, b'0'),
  (101108, 'CHORAS', 1011, b'0'),
  (110101, 'ICA', 1101, b'0'),
  (110102, 'LA TINGUIÑA', 1101, b'0'),
  (110103, 'LOS AQUIJES', 1101, b'0'),
  (110104, 'OCUCAJE', 1101, b'0'),
  (110105, 'PACHACUTEC', 1101, b'0'),
  (110106, 'PARCONA', 1101, b'0'),
  (110107, 'PUEBLO NUEVO', 1101, b'0'),
  (110108, 'SALAS', 1101, b'0'),
  (110109, 'SAN JOSE DE LOS MOLINOS', 1101, b'0'),
  (110110, 'SAN JUAN BAUTISTA', 1101, b'0'),
  (110111, 'SANTIAGO', 1101, b'0'),
  (110112, 'SUBTANJALLA', 1101, b'0'),
  (110113, 'TATE', 1101, b'0'),
  (110114, 'YAUCA DEL ROSARIO', 1101, b'0'),
  (110201, 'CHINCHA ALTA', 1102, b'0'),
  (110202, 'ALTO LARAN', 1102, b'0'),
  (110203, 'CHAVIN', 1102, b'0'),
  (110204, 'CHINCHA BAJA', 1102, b'0'),
  (110205, 'EL CARMEN', 1102, b'0'),
  (110206, 'GROCIO PRADO', 1102, b'0'),
  (110207, 'PUEBLO NUEVO', 1102, b'0'),
  (110208, 'SAN JUAN DE YANAC', 1102, b'0'),
  (110209, 'SAN PEDRO DE HUACARPANA', 1102, b'0'),
  (110210, 'SUNAMPE', 1102, b'0'),
  (110211, 'TAMBO DE MORA', 1102, b'0'),
  (110301, 'NASCA', 1103, b'0'),
  (110302, 'CHANGUILLO', 1103, b'0'),
  (110303, 'EL INGENIO', 1103, b'0'),
  (110304, 'MARCONA', 1103, b'0'),
  (110305, 'VISTA ALEGRE', 1103, b'0'),
  (110401, 'PALPA', 1104, b'0'),
  (110402, 'LLIPATA', 1104, b'0'),
  (110403, 'RIO GRANDE', 1104, b'0'),
  (110404, 'SANTA CRUZ', 1104, b'0'),
  (110405, 'TIBILLO', 1104, b'0'),
  (110501, 'PISCO', 1105, b'0'),
  (110502, 'HUANCANO', 1105, b'0'),
  (110503, 'HUMAY', 1105, b'0'),
  (110504, 'INDEPENDENCIA', 1105, b'0'),
  (110505, 'PARACAS', 1105, b'0'),
  (110506, 'SAN ANDRES', 1105, b'0'),
  (110507, 'SAN CLEMENTE', 1105, b'0'),
  (110508, 'TUPAC AMARU INCA', 1105, b'0'),
  (120101, 'HUANCAYO', 1201, b'0'),
  (120104, 'CARHUACALLANGA', 1201, b'0'),
  (120105, 'CHACAPAMPA', 1201, b'0'),
  (120106, 'CHICCHE', 1201, b'0'),
  (120107, 'CHILCA', 1201, b'0'),
  (120108, 'CHONGOS ALTO', 1201, b'0'),
  (120111, 'CHUPURO', 1201, b'0'),
  (120112, 'COLCA', 1201, b'0'),
  (120113, 'CULLHUAS', 1201, b'0'),
  (120114, 'EL TAMBO', 1201, b'0'),
  (120116, 'HUACRAPUQUIO', 1201, b'0'),
  (120117, 'HUALHUAS', 1201, b'0'),
  (120119, 'HUANCAN', 1201, b'0'),
  (120120, 'HUASICANCHA', 1201, b'0'),
  (120121, 'HUAYUCACHI', 1201, b'0'),
  (120122, 'INGENIO', 1201, b'0'),
  (120124, 'PARIAHUANCA', 1201, b'0'),
  (120125, 'PILCOMAYO', 1201, b'0'),
  (120126, 'PUCARA', 1201, b'0'),
  (120127, 'QUICHUAY', 1201, b'0'),
  (120128, 'QUILCAS', 1201, b'0'),
  (120129, 'SAN AGUSTIN', 1201, b'0'),
  (120130, 'SAN JERONIMO DE TUNAN', 1201, b'0'),
  (120132, 'SAÑO', 1201, b'0'),
  (120133, 'SAPALLANGA', 1201, b'0'),
  (120134, 'SICAYA', 1201, b'0'),
  (120135, 'SANTO DOMINGO DE ACOBAMBA', 1201, b'0'),
  (120136, 'VIQUES', 1201, b'0'),
  (120201, 'CONCEPCION', 1202, b'0'),
  (120202, 'ACO', 1202, b'0'),
  (120203, 'ANDAMARCA', 1202, b'0'),
  (120204, 'CHAMBARA', 1202, b'0'),
  (120205, 'COCHAS', 1202, b'0'),
  (120206, 'COMAS', 1202, b'0'),
  (120207, 'HEROINAS TOLEDO', 1202, b'0'),
  (120208, 'MANZANARES', 1202, b'0'),
  (120209, 'MARISCAL CASTILLA', 1202, b'0'),
  (120210, 'MATAHUASI', 1202, b'0'),
  (120211, 'MITO', 1202, b'0'),
  (120212, 'NUEVE DE JULIO', 1202, b'0'),
  (120213, 'ORCOTUNA', 1202, b'0'),
  (120214, 'SAN JOSE DE QUERO', 1202, b'0'),
  (120215, 'SANTA ROSA DE OCOPA', 1202, b'0'),
  (120301, 'CHANCHAMAYO', 1203, b'0'),
  (120302, 'PERENE', 1203, b'0'),
  (120303, 'PICHANAQUI', 1203, b'0'),
  (120304, 'SAN LUIS DE SHUARO', 1203, b'0'),
  (120305, 'SAN RAMON', 1203, b'0'),
  (120306, 'VITOC', 1203, b'0'),
  (120401, 'JAUJA', 1204, b'0'),
  (120402, 'ACOLLA', 1204, b'0'),
  (120403, 'APATA', 1204, b'0'),
  (120404, 'ATAURA', 1204, b'0'),
  (120405, 'CANCHAYLLO', 1204, b'0'),
  (120406, 'CURICACA', 1204, b'0'),
  (120407, 'EL MANTARO', 1204, b'0'),
  (120408, 'HUAMALI', 1204, b'0'),
  (120409, 'HUARIPAMPA', 1204, b'0'),
  (120410, 'HUERTAS', 1204, b'0'),
  (120411, 'JANJAILLO', 1204, b'0'),
  (120412, 'JULCAN', 1204, b'0'),
  (120413, 'LEONOR ORDOÑEZ', 1204, b'0'),
  (120414, 'LLOCLLAPAMPA', 1204, b'0'),
  (120415, 'MARCO', 1204, b'0'),
  (120416, 'MASMA', 1204, b'0'),
  (120417, 'MASMA CHICCHE', 1204, b'0'),
  (120418, 'MOLINOS', 1204, b'0'),
  (120419, 'MONOBAMBA', 1204, b'0'),
  (120420, 'MUQUI', 1204, b'0'),
  (120421, 'MUQUIYAUYO', 1204, b'0'),
  (120422, 'PACA', 1204, b'0'),
  (120423, 'PACCHA', 1204, b'0'),
  (120424, 'PANCAN', 1204, b'0'),
  (120425, 'PARCO', 1204, b'0'),
  (120426, 'POMACANCHA', 1204, b'0'),
  (120427, 'RICRAN', 1204, b'0'),
  (120428, 'SAN LORENZO', 1204, b'0'),
  (120429, 'SAN PEDRO DE CHUNAN', 1204, b'0'),
  (120430, 'SAUSA', 1204, b'0'),
  (120431, 'SINCOS', 1204, b'0'),
  (120432, 'TUNAN MARCA', 1204, b'0'),
  (120433, 'YAULI', 1204, b'0'),
  (120434, 'YAUYOS', 1204, b'0'),
  (120501, 'JUNIN', 1205, b'0'),
  (120502, 'CARHUAMAYO', 1205, b'0'),
  (120503, 'ONDORES', 1205, b'0'),
  (120504, 'ULCUMAYO', 1205, b'0'),
  (120601, 'SATIPO', 1206, b'0'),
  (120602, 'COVIRIALI', 1206, b'0'),
  (120603, 'LLAYLLA', 1206, b'0'),
  (120604, 'MAZAMARI', 1206, b'0'),
  (120605, 'PAMPA HERMOSA', 1206, b'0'),
  (120606, 'PANGOA', 1206, b'0'),
  (120607, 'RIO NEGRO', 1206, b'0'),
  (120608, 'RIO TAMBO', 1206, b'0'),
  (120609, 'VIZCATAN DEL ENE', 1206, b'0'),
  (120701, 'TARMA', 1207, b'0'),
  (120702, 'ACOBAMBA', 1207, b'0'),
  (120703, 'HUARICOLCA', 1207, b'0'),
  (120704, 'HUASAHUASI', 1207, b'0'),
  (120705, 'LA UNION', 1207, b'0'),
  (120706, 'PALCA', 1207, b'0'),
  (120707, 'PALCAMAYO', 1207, b'0'),
  (120708, 'SAN PEDRO DE CAJAS', 1207, b'0'),
  (120709, 'TAPO', 1207, b'0'),
  (120801, 'LA OROYA', 1208, b'0'),
  (120802, 'CHACAPALPA', 1208, b'0'),
  (120803, 'HUAY-HUAY', 1208, b'0'),
  (120804, 'MARCAPOMACOCHA', 1208, b'0'),
  (120805, 'MOROCOCHA', 1208, b'0'),
  (120806, 'PACCHA', 1208, b'0'),
  (120807, 'SANTA BARBARA DE CARHUACAYAN', 1208, b'0'),
  (120808, 'SANTA ROSA DE SACCO', 1208, b'0'),
  (120809, 'SUITUCANCHA', 1208, b'0'),
  (120810, 'YAULI', 1208, b'0'),
  (120901, 'CHUPACA', 1209, b'0'),
  (120902, 'AHUAC', 1209, b'0'),
  (120903, 'CHONGOS BAJO', 1209, b'0'),
  (120904, 'HUACHAC', 1209, b'0'),
  (120905, 'HUAMANCACA CHICO', 1209, b'0'),
  (120906, 'SAN JUAN DE ISCOS', 1209, b'0'),
  (120907, 'SAN JUAN DE JARPA', 1209, b'0'),
  (120908, 'TRES DE DICIEMBRE', 1209, b'0'),
  (120909, 'YANACANCHA', 1209, b'0'),
  (130101, 'TRUJILLO', 1301, b'0'),
  (130102, 'EL PORVENIR', 1301, b'0'),
  (130103, 'FLORENCIA DE MORA', 1301, b'0'),
  (130104, 'HUANCHACO', 1301, b'0'),
  (130105, 'LA ESPERANZA', 1301, b'0'),
  (130106, 'LAREDO', 1301, b'0'),
  (130107, 'MOCHE', 1301, b'0'),
  (130108, 'POROTO', 1301, b'0'),
  (130109, 'SALAVERRY', 1301, b'0'),
  (130110, 'SIMBAL', 1301, b'0'),
  (130111, 'VICTOR LARCO HERRERA', 1301, b'0'),
  (130201, 'ASCOPE', 1302, b'0'),
  (130202, 'CHICAMA', 1302, b'0'),
  (130203, 'CHOCOPE', 1302, b'0'),
  (130204, 'MAGDALENA DE CAO', 1302, b'0'),
  (130205, 'PAIJAN', 1302, b'0'),
  (130206, 'RAZURI', 1302, b'0'),
  (130207, 'SANTIAGO DE CAO', 1302, b'0'),
  (130208, 'CASA GRANDE', 1302, b'0'),
  (130301, 'BOLIVAR', 1303, b'0'),
  (130302, 'BAMBAMARCA', 1303, b'0'),
  (130303, 'CONDORMARCA', 1303, b'0'),
  (130304, 'LONGOTEA', 1303, b'0'),
  (130305, 'UCHUMARCA', 1303, b'0'),
  (130306, 'UCUNCHA', 1303, b'0'),
  (130401, 'CHEPEN', 1304, b'0'),
  (130402, 'PACANGA', 1304, b'0'),
  (130403, 'PUEBLO NUEVO', 1304, b'0'),
  (130501, 'JULCAN', 1305, b'0'),
  (130502, 'CALAMARCA', 1305, b'0'),
  (130503, 'CARABAMBA', 1305, b'0'),
  (130504, 'HUASO', 1305, b'0'),
  (130601, 'OTUZCO', 1306, b'0'),
  (130602, 'AGALLPAMPA', 1306, b'0'),
  (130604, 'CHARAT', 1306, b'0'),
  (130605, 'HUARANCHAL', 1306, b'0'),
  (130606, 'LA CUESTA', 1306, b'0'),
  (130608, 'MACHE', 1306, b'0'),
  (130610, 'PARANDAY', 1306, b'0'),
  (130611, 'SALPO', 1306, b'0'),
  (130613, 'SINSICAP', 1306, b'0'),
  (130614, 'USQUIL', 1306, b'0'),
  (130701, 'SAN PEDRO DE LLOC', 1307, b'0'),
  (130702, 'GUADALUPE', 1307, b'0'),
  (130703, 'JEQUETEPEQUE', 1307, b'0'),
  (130704, 'PACASMAYO', 1307, b'0'),
  (130705, 'SAN JOSE', 1307, b'0'),
  (130801, 'TAYABAMBA', 1308, b'0'),
  (130802, 'BULDIBUYO', 1308, b'0'),
  (130803, 'CHILLIA', 1308, b'0'),
  (130804, 'HUANCASPATA', 1308, b'0'),
  (130805, 'HUAYLILLAS', 1308, b'0'),
  (130806, 'HUAYO', 1308, b'0'),
  (130807, 'ONGON', 1308, b'0'),
  (130808, 'PARCOY', 1308, b'0'),
  (130809, 'PATAZ', 1308, b'0'),
  (130810, 'PIAS', 1308, b'0'),
  (130811, 'SANTIAGO DE CHALLAS', 1308, b'0'),
  (130812, 'TAURIJA', 1308, b'0'),
  (130813, 'URPAY', 1308, b'0'),
  (130901, 'HUAMACHUCO', 1309, b'0'),
  (130902, 'CHUGAY', 1309, b'0'),
  (130903, 'COCHORCO', 1309, b'0'),
  (130904, 'CURGOS', 1309, b'0'),
  (130905, 'MARCABAL', 1309, b'0'),
  (130906, 'SANAGORAN', 1309, b'0'),
  (130907, 'SARIN', 1309, b'0'),
  (130908, 'SARTIMBAMBA', 1309, b'0'),
  (131001, 'SANTIAGO DE CHUCO', 1310, b'0'),
  (131002, 'ANGASMARCA', 1310, b'0'),
  (131003, 'CACHICADAN', 1310, b'0'),
  (131004, 'MOLLEBAMBA', 1310, b'0'),
  (131005, 'MOLLEPATA', 1310, b'0'),
  (131006, 'QUIRUVILCA', 1310, b'0'),
  (131007, 'SANTA CRUZ DE CHUCA', 1310, b'0'),
  (131008, 'SITABAMBA', 1310, b'0'),
  (131101, 'CASCAS', 1311, b'0'),
  (131102, 'LUCMA', 1311, b'0'),
  (131103, 'MARMOT', 1311, b'0'),
  (131104, 'SAYAPULLO', 1311, b'0'),
  (131201, 'VIRU', 1312, b'0'),
  (131202, 'CHAO', 1312, b'0'),
  (131203, 'GUADALUPITO', 1312, b'0'),
  (140101, 'CHICLAYO', 1401, b'0'),
  (140102, 'CHONGOYAPE', 1401, b'0'),
  (140103, 'ETEN', 1401, b'0'),
  (140104, 'ETEN PUERTO', 1401, b'0'),
  (140105, 'JOSE LEONARDO ORTIZ', 1401, b'0'),
  (140106, 'LA VICTORIA', 1401, b'0'),
  (140107, 'LAGUNAS', 1401, b'0'),
  (140108, 'MONSEFU', 1401, b'0'),
  (140109, 'NUEVA ARICA', 1401, b'0'),
  (140110, 'OYOTUN', 1401, b'0'),
  (140111, 'PICSI', 1401, b'0'),
  (140112, 'PIMENTEL', 1401, b'0'),
  (140113, 'REQUE', 1401, b'0'),
  (140114, 'SANTA ROSA', 1401, b'0'),
  (140115, 'SAÑA', 1401, b'0'),
  (140116, 'CAYALTI', 1401, b'0'),
  (140117, 'PATAPO', 1401, b'0'),
  (140118, 'POMALCA', 1401, b'0'),
  (140119, 'PUCALA', 1401, b'0'),
  (140120, 'TUMAN', 1401, b'0'),
  (140201, 'FERREÑAFE', 1402, b'0'),
  (140202, 'CAÑARIS', 1402, b'0'),
  (140203, 'INCAHUASI', 1402, b'0'),
  (140204, 'MANUEL ANTONIO MESONES MURO', 1402, b'0'),
  (140205, 'PITIPO', 1402, b'0'),
  (140206, 'PUEBLO NUEVO', 1402, b'0'),
  (140301, 'LAMBAYEQUE', 1403, b'0'),
  (140302, 'CHOCHOPE', 1403, b'0'),
  (140303, 'ILLIMO', 1403, b'0'),
  (140304, 'JAYANCA', 1403, b'0'),
  (140305, 'MOCHUMI', 1403, b'0'),
  (140306, 'MORROPE', 1403, b'0'),
  (140307, 'MOTUPE', 1403, b'0'),
  (140308, 'OLMOS', 1403, b'0'),
  (140309, 'PACORA', 1403, b'0'),
  (140310, 'SALAS', 1403, b'0'),
  (140311, 'SAN JOSE', 1403, b'0'),
  (140312, 'TUCUME', 1403, b'0'),
  (150101, 'LIMA', 1501, b'0'),
  (150102, 'ANCON', 1501, b'0'),
  (150103, 'ATE', 1501, b'0'),
  (150104, 'BARRANCO', 1501, b'0'),
  (150105, 'BREÑA', 1501, b'0'),
  (150106, 'CARABAYLLO', 1501, b'0'),
  (150107, 'CHACLACAYO', 1501, b'0'),
  (150108, 'CHORRILLOS', 1501, b'0'),
  (150109, 'CIENEGUILLA', 1501, b'0'),
  (150110, 'COMAS', 1501, b'0'),
  (150111, 'EL AGUSTINO', 1501, b'0'),
  (150112, 'INDEPENDENCIA', 1501, b'0'),
  (150113, 'JESUS MARIA', 1501, b'0'),
  (150114, 'LA MOLINA', 1501, b'0'),
  (150115, 'LA VICTORIA', 1501, b'0'),
  (150116, 'LINCE', 1501, b'0'),
  (150117, 'LOS OLIVOS', 1501, b'0'),
  (150118, 'LURIGANCHO', 1501, b'0'),
  (150119, 'LURIN', 1501, b'0'),
  (150120, 'MAGDALENA DEL MAR', 1501, b'0'),
  (150121, 'PUEBLO LIBRE', 1501, b'0'),
  (150122, 'MIRAFLORES', 1501, b'0'),
  (150123, 'PACHACAMAC', 1501, b'0'),
  (150124, 'PUCUSANA', 1501, b'0'),
  (150125, 'PUENTE PIEDRA', 1501, b'0'),
  (150126, 'PUNTA HERMOSA', 1501, b'0'),
  (150127, 'PUNTA NEGRA', 1501, b'0'),
  (150128, 'RIMAC', 1501, b'0'),
  (150129, 'SAN BARTOLO', 1501, b'0'),
  (150130, 'SAN BORJA', 1501, b'0'),
  (150131, 'SAN ISIDRO', 1501, b'0'),
  (150132, 'SAN JUAN DE LURIGANCHO', 1501, b'0'),
  (150133, 'SAN JUAN DE MIRAFLORES', 1501, b'0'),
  (150134, 'SAN LUIS', 1501, b'0'),
  (150135, 'SAN MARTIN DE PORRES', 1501, b'0'),
  (150136, 'SAN MIGUEL', 1501, b'0'),
  (150137, 'SANTA ANITA', 1501, b'0'),
  (150138, 'SANTA MARIA DEL MAR', 1501, b'0'),
  (150139, 'SANTA ROSA', 1501, b'0'),
  (150140, 'SANTIAGO DE SURCO', 1501, b'0'),
  (150141, 'SURQUILLO', 1501, b'0'),
  (150142, 'VILLA EL SALVADOR', 1501, b'0'),
  (150143, 'VILLA MARIA DEL TRIUNFO', 1501, b'0'),
  (150201, 'BARRANCA', 1502, b'0'),
  (150202, 'PARAMONGA', 1502, b'0'),
  (150203, 'PATIVILCA', 1502, b'0'),
  (150204, 'SUPE', 1502, b'0'),
  (150205, 'SUPE PUERTO', 1502, b'0'),
  (150301, 'CAJATAMBO', 1503, b'0'),
  (150302, 'COPA', 1503, b'0'),
  (150303, 'GORGOR', 1503, b'0'),
  (150304, 'HUANCAPON', 1503, b'0'),
  (150305, 'MANAS', 1503, b'0'),
  (150401, 'CANTA', 1504, b'0'),
  (150402, 'ARAHUAY', 1504, b'0'),
  (150403, 'HUAMANTANGA', 1504, b'0'),
  (150404, 'HUAROS', 1504, b'0'),
  (150405, 'LACHAQUI', 1504, b'0'),
  (150406, 'SAN BUENAVENTURA', 1504, b'0'),
  (150407, 'SANTA ROSA DE QUIVES', 1504, b'0'),
  (150501, 'SAN VICENTE DE CAÑETE', 1505, b'0'),
  (150502, 'ASIA', 1505, b'0'),
  (150503, 'CALANGO', 1505, b'0'),
  (150504, 'CERRO AZUL', 1505, b'0'),
  (150505, 'CHILCA', 1505, b'0'),
  (150506, 'COAYLLO', 1505, b'0'),
  (150507, 'IMPERIAL', 1505, b'0'),
  (150508, 'LUNAHUANA', 1505, b'0'),
  (150509, 'MALA', 1505, b'0'),
  (150510, 'NUEVO IMPERIAL', 1505, b'0'),
  (150511, 'PACARAN', 1505, b'0'),
  (150512, 'QUILMANA', 1505, b'0'),
  (150513, 'SAN ANTONIO', 1505, b'0'),
  (150514, 'SAN LUIS', 1505, b'0'),
  (150515, 'SANTA CRUZ DE FLORES', 1505, b'0'),
  (150516, 'ZUÑIGA', 1505, b'0'),
  (150601, 'HUARAL', 1506, b'0'),
  (150602, 'ATAVILLOS ALTO', 1506, b'0'),
  (150603, 'ATAVILLOS BAJO', 1506, b'0'),
  (150604, 'AUCALLAMA', 1506, b'0'),
  (150605, 'CHANCAY', 1506, b'0'),
  (150606, 'IHUARI', 1506, b'0'),
  (150607, 'LAMPIAN', 1506, b'0'),
  (150608, 'PACARAOS', 1506, b'0'),
  (150609, 'SAN MIGUEL DE ACOS', 1506, b'0'),
  (150610, 'SANTA CRUZ DE ANDAMARCA', 1506, b'0'),
  (150611, 'SUMBILCA', 1506, b'0'),
  (150612, 'VEINTISIETE DE NOVIEMBRE', 1506, b'0'),
  (150701, 'MATUCANA', 1507, b'0'),
  (150702, 'ANTIOQUIA', 1507, b'0'),
  (150703, 'CALLAHUANCA', 1507, b'0'),
  (150704, 'CARAMPOMA', 1507, b'0'),
  (150705, 'CHICLA', 1507, b'0'),
  (150706, 'CUENCA', 1507, b'0'),
  (150707, 'HUACHUPAMPA', 1507, b'0'),
  (150708, 'HUANZA', 1507, b'0'),
  (150709, 'HUAROCHIRI', 1507, b'0'),
  (150710, 'LAHUAYTAMBO', 1507, b'0'),
  (150711, 'LANGA', 1507, b'0'),
  (150712, 'LARAOS', 1507, b'0'),
  (150713, 'MARIATANA', 1507, b'0'),
  (150714, 'RICARDO PALMA', 1507, b'0'),
  (150715, 'SAN ANDRES DE TUPICOCHA', 1507, b'0'),
  (150716, 'SAN ANTONIO', 1507, b'0'),
  (150717, 'SAN BARTOLOME', 1507, b'0'),
  (150718, 'SAN DAMIAN', 1507, b'0'),
  (150719, 'SAN JUAN DE IRIS', 1507, b'0'),
  (150720, 'SAN JUAN DE TANTARANCHE', 1507, b'0'),
  (150721, 'SAN LORENZO DE QUINTI', 1507, b'0'),
  (150722, 'SAN MATEO', 1507, b'0'),
  (150723, 'SAN MATEO DE OTAO', 1507, b'0'),
  (150724, 'SAN PEDRO DE CASTA', 1507, b'0'),
  (150725, 'SAN PEDRO DE HUANCAYRE', 1507, b'0'),
  (150726, 'SANGALLAYA', 1507, b'0'),
  (150727, 'SANTA CRUZ DE COCACHACRA', 1507, b'0'),
  (150728, 'SANTA EULALIA', 1507, b'0'),
  (150729, 'SANTIAGO DE ANCHUCAYA', 1507, b'0'),
  (150730, 'SANTIAGO DE TUNA', 1507, b'0'),
  (150731, 'SANTO DOMINGO DE LOS OLLEROS', 1507, b'0'),
  (150732, 'SURCO', 1507, b'0'),
  (150801, 'HUACHO', 1508, b'0'),
  (150802, 'AMBAR', 1508, b'0'),
  (150803, 'CALETA DE CARQUIN', 1508, b'0'),
  (150804, 'CHECRAS', 1508, b'0'),
  (150805, 'HUALMAY', 1508, b'0'),
  (150806, 'HUAURA', 1508, b'0'),
  (150807, 'LEONCIO PRADO', 1508, b'0'),
  (150808, 'PACCHO', 1508, b'0'),
  (150809, 'SANTA LEONOR', 1508, b'0'),
  (150810, 'SANTA MARIA', 1508, b'0'),
  (150811, 'SAYAN', 1508, b'0'),
  (150812, 'VEGUETA', 1508, b'0'),
  (150901, 'OYON', 1509, b'0'),
  (150902, 'ANDAJES', 1509, b'0'),
  (150903, 'CAUJUL', 1509, b'0'),
  (150904, 'COCHAMARCA', 1509, b'0'),
  (150905, 'NAVAN', 1509, b'0'),
  (150906, 'PACHANGARA', 1509, b'0'),
  (151001, 'YAUYOS', 1510, b'0'),
  (151002, 'ALIS', 1510, b'0'),
  (151003, 'ALLAUCA', 1510, b'0'),
  (151004, 'AYAVIRI', 1510, b'0'),
  (151005, 'AZANGARO', 1510, b'0'),
  (151006, 'CACRA', 1510, b'0'),
  (151007, 'CARANIA', 1510, b'0'),
  (151008, 'CATAHUASI', 1510, b'0'),
  (151009, 'CHOCOS', 1510, b'0'),
  (151010, 'COCHAS', 1510, b'0'),
  (151011, 'COLONIA', 1510, b'0'),
  (151012, 'HONGOS', 1510, b'0'),
  (151013, 'HUAMPARA', 1510, b'0'),
  (151014, 'HUANCAYA', 1510, b'0'),
  (151015, 'HUANGASCAR', 1510, b'0'),
  (151016, 'HUANTAN', 1510, b'0'),
  (151017, 'HUAÑEC', 1510, b'0'),
  (151018, 'LARAOS', 1510, b'0'),
  (151019, 'LINCHA', 1510, b'0'),
  (151020, 'MADEAN', 1510, b'0'),
  (151021, 'MIRAFLORES', 1510, b'0'),
  (151022, 'OMAS', 1510, b'0'),
  (151023, 'PUTINZA', 1510, b'0'),
  (151024, 'QUINCHES', 1510, b'0'),
  (151025, 'QUINOCAY', 1510, b'0'),
  (151026, 'SAN JOAQUIN', 1510, b'0'),
  (151027, 'SAN PEDRO DE PILAS', 1510, b'0'),
  (151028, 'TANTA', 1510, b'0'),
  (151029, 'TAURIPAMPA', 1510, b'0'),
  (151030, 'TOMAS', 1510, b'0'),
  (151031, 'TUPE', 1510, b'0'),
  (151032, 'VIÑAC', 1510, b'0'),
  (151033, 'VITIS', 1510, b'0'),
  (160101, 'IQUITOS', 1601, b'0'),
  (160102, 'ALTO NANAY', 1601, b'0'),
  (160103, 'FERNANDO LORES', 1601, b'0'),
  (160104, 'INDIANA', 1601, b'0'),
  (160105, 'LAS AMAZONAS', 1601, b'0'),
  (160106, 'MAZAN', 1601, b'0'),
  (160107, 'NAPO', 1601, b'0'),
  (160108, 'PUNCHANA', 1601, b'0'),
  (160110, 'TORRES CAUSANA', 1601, b'0'),
  (160112, 'BELEN', 1601, b'0'),
  (160113, 'SAN JUAN BAUTISTA', 1601, b'0'),
  (160201, 'YURIMAGUAS', 1602, b'0'),
  (160202, 'BALSAPUERTO', 1602, b'0'),
  (160205, 'JEBEROS', 1602, b'0'),
  (160206, 'LAGUNAS', 1602, b'0'),
  (160210, 'SANTA CRUZ', 1602, b'0'),
  (160211, 'TENIENTE CESAR LOPEZ ROJAS', 1602, b'0'),
  (160301, 'NAUTA', 1603, b'0'),
  (160302, 'PARINARI', 1603, b'0'),
  (160303, 'TIGRE', 1603, b'0'),
  (160304, 'TROMPETEROS', 1603, b'0'),
  (160305, 'URARINAS', 1603, b'0'),
  (160401, 'RAMON CASTILLA', 1604, b'0'),
  (160402, 'PEBAS', 1604, b'0'),
  (160403, 'YAVARI', 1604, b'0'),
  (160404, 'SAN PABLO', 1604, b'0'),
  (160501, 'REQUENA', 1605, b'0'),
  (160502, 'ALTO TAPICHE', 1605, b'0'),
  (160503, 'CAPELO', 1605, b'0'),
  (160504, 'EMILIO SAN MARTIN', 1605, b'0'),
  (160505, 'MAQUIA', 1605, b'0'),
  (160506, 'PUINAHUA', 1605, b'0'),
  (160507, 'SAQUENA', 1605, b'0'),
  (160508, 'SOPLIN', 1605, b'0'),
  (160509, 'TAPICHE', 1605, b'0'),
  (160510, 'JENARO HERRERA', 1605, b'0'),
  (160511, 'YAQUERANA', 1605, b'0'),
  (160601, 'CONTAMANA', 1606, b'0'),
  (160602, 'INAHUAYA', 1606, b'0'),
  (160603, 'PADRE MARQUEZ', 1606, b'0'),
  (160604, 'PAMPA HERMOSA', 1606, b'0'),
  (160605, 'SARAYACU', 1606, b'0'),
  (160606, 'VARGAS GUERRA', 1606, b'0'),
  (160701, 'BARRANCA', 1607, b'0'),
  (160702, 'CAHUAPANAS', 1607, b'0'),
  (160703, 'MANSERICHE', 1607, b'0'),
  (160704, 'MORONA', 1607, b'0'),
  (160705, 'PASTAZA', 1607, b'0'),
  (160706, 'ANDOAS', 1607, b'0'),
  (160801, 'PUTUMAYO', 1608, b'0'),
  (160802, 'ROSA PANDURO', 1608, b'0'),
  (160803, 'TENIENTE MANUEL CLAVERO', 1608, b'0'),
  (160804, 'YAGUAS', 1608, b'0'),
  (170101, 'TAMBOPATA', 1701, b'0'),
  (170102, 'INAMBARI', 1701, b'0'),
  (170103, 'LAS PIEDRAS', 1701, b'0'),
  (170104, 'LABERINTO', 1701, b'0'),
  (170201, 'MANU', 1702, b'0'),
  (170202, 'FITZCARRALD', 1702, b'0'),
  (170203, 'MADRE DE DIOS', 1702, b'0'),
  (170204, 'HUEPETUHE', 1702, b'0'),
  (170301, 'IÑAPARI', 1703, b'0'),
  (170302, 'IBERIA', 1703, b'0'),
  (170303, 'TAHUAMANU', 1703, b'0'),
  (180101, 'MOQUEGUA', 1801, b'0'),
  (180102, 'CARUMAS', 1801, b'0'),
  (180103, 'CUCHUMBAYA', 1801, b'0'),
  (180104, 'SAMEGUA', 1801, b'0'),
  (180105, 'SAN CRISTOBAL', 1801, b'0'),
  (180106, 'TORATA', 1801, b'0'),
  (180201, 'OMATE', 1802, b'0'),
  (180202, 'CHOJATA', 1802, b'0'),
  (180203, 'COALAQUE', 1802, b'0'),
  (180204, 'ICHUÑA', 1802, b'0'),
  (180205, 'LA CAPILLA', 1802, b'0'),
  (180206, 'LLOQUE', 1802, b'0'),
  (180207, 'MATALAQUE', 1802, b'0'),
  (180208, 'PUQUINA', 1802, b'0'),
  (180209, 'QUINISTAQUILLAS', 1802, b'0'),
  (180210, 'UBINAS', 1802, b'0'),
  (180211, 'YUNGA', 1802, b'0'),
  (180301, 'ILO', 1803, b'0'),
  (180302, 'EL ALGARROBAL', 1803, b'0'),
  (180303, 'PACOCHA', 1803, b'0'),
  (190101, 'CHAUPIMARCA', 1901, b'0'),
  (190102, 'HUACHON', 1901, b'0'),
  (190103, 'HUARIACA', 1901, b'0'),
  (190104, 'HUAYLLAY', 1901, b'0'),
  (190105, 'NINACACA', 1901, b'0'),
  (190106, 'PALLANCHACRA', 1901, b'0'),
  (190107, 'PAUCARTAMBO', 1901, b'0'),
  (190108, 'SAN FRANCISCO DE ASIS DE YARUSYACAN', 1901, b'0'),
  (190109, 'SIMON BOLIVAR', 1901, b'0'),
  (190110, 'TICLACAYAN', 1901, b'0'),
  (190111, 'TINYAHUARCO', 1901, b'0'),
  (190112, 'VICCO', 1901, b'0'),
  (190113, 'YANACANCHA', 1901, b'0'),
  (190201, 'YANAHUANCA', 1902, b'0'),
  (190202, 'CHACAYAN', 1902, b'0'),
  (190203, 'GOYLLARISQUIZGA', 1902, b'0'),
  (190204, 'PAUCAR', 1902, b'0'),
  (190205, 'SAN PEDRO DE PILLAO', 1902, b'0'),
  (190206, 'SANTA ANA DE TUSI', 1902, b'0'),
  (190207, 'TAPUC', 1902, b'0'),
  (190208, 'VILCABAMBA', 1902, b'0'),
  (190301, 'OXAPAMPA', 1903, b'0'),
  (190302, 'CHONTABAMBA', 1903, b'0'),
  (190303, 'HUANCABAMBA', 1903, b'0'),
  (190304, 'PALCAZU', 1903, b'0'),
  (190305, 'POZUZO', 1903, b'0'),
  (190306, 'PUERTO BERMUDEZ', 1903, b'0'),
  (190307, 'VILLA RICA', 1903, b'0'),
  (190308, 'CONSTITUCION', 1903, b'0'),
  (200101, 'PIURA', 2001, b'0'),
  (200104, 'CASTILLA', 2001, b'0'),
  (200105, 'CATACAOS', 2001, b'0'),
  (200107, 'CURA MORI', 2001, b'0'),
  (200108, 'EL TALLAN', 2001, b'0'),
  (200109, 'LA ARENA', 2001, b'0'),
  (200110, 'LA UNION', 2001, b'0'),
  (200111, 'LAS LOMAS', 2001, b'0'),
  (200114, 'TAMBO GRANDE', 2001, b'0'),
  (200115, 'VEINTISEIS DE OCTUBRE', 2001, b'0'),
  (200201, 'AYABACA', 2002, b'0'),
  (200202, 'FRIAS', 2002, b'0'),
  (200203, 'JILILI', 2002, b'0'),
  (200204, 'LAGUNAS', 2002, b'0'),
  (200205, 'MONTERO', 2002, b'0'),
  (200206, 'PACAIPAMPA', 2002, b'0'),
  (200207, 'PAIMAS', 2002, b'0'),
  (200208, 'SAPILLICA', 2002, b'0'),
  (200209, 'SICCHEZ', 2002, b'0'),
  (200210, 'SUYO', 2002, b'0'),
  (200301, 'HUANCABAMBA', 2003, b'0'),
  (200302, 'CANCHAQUE', 2003, b'0'),
  (200303, 'EL CARMEN DE LA FRONTERA', 2003, b'0'),
  (200304, 'HUARMACA', 2003, b'0'),
  (200305, 'LALAQUIZ', 2003, b'0'),
  (200306, 'SAN MIGUEL DE EL FAIQUE', 2003, b'0'),
  (200307, 'SONDOR', 2003, b'0'),
  (200308, 'SONDORILLO', 2003, b'0'),
  (200401, 'CHULUCANAS', 2004, b'0'),
  (200402, 'BUENOS AIRES', 2004, b'0'),
  (200403, 'CHALACO', 2004, b'0'),
  (200404, 'LA MATANZA', 2004, b'0'),
  (200405, 'MORROPON', 2004, b'0'),
  (200406, 'SALITRAL', 2004, b'0'),
  (200407, 'SAN JUAN DE BIGOTE', 2004, b'0'),
  (200408, 'SANTA CATALINA DE MOSSA', 2004, b'0'),
  (200409, 'SANTO DOMINGO', 2004, b'0'),
  (200410, 'YAMANGO', 2004, b'0'),
  (200501, 'PAITA', 2005, b'0'),
  (200502, 'AMOTAPE', 2005, b'0'),
  (200503, 'ARENAL', 2005, b'0'),
  (200504, 'COLAN', 2005, b'0'),
  (200505, 'LA HUACA', 2005, b'0'),
  (200506, 'TAMARINDO', 2005, b'0'),
  (200507, 'VICHAYAL', 2005, b'0'),
  (200601, 'SULLANA', 2006, b'0'),
  (200602, 'BELLAVISTA', 2006, b'0'),
  (200603, 'IGNACIO ESCUDERO', 2006, b'0'),
  (200604, 'LANCONES', 2006, b'0'),
  (200605, 'MARCAVELICA', 2006, b'0'),
  (200606, 'MIGUEL CHECA', 2006, b'0'),
  (200607, 'QUERECOTILLO', 2006, b'0'),
  (200608, 'SALITRAL', 2006, b'0'),
  (200701, 'PARIÑAS', 2007, b'0'),
  (200702, 'EL ALTO', 2007, b'0'),
  (200703, 'LA BREA', 2007, b'0'),
  (200704, 'LOBITOS', 2007, b'0'),
  (200705, 'LOS ORGANOS', 2007, b'0'),
  (200706, 'MANCORA', 2007, b'0'),
  (200801, 'SECHURA', 2008, b'0'),
  (200802, 'BELLAVISTA DE LA UNION', 2008, b'0'),
  (200803, 'BERNAL', 2008, b'0'),
  (200804, 'CRISTO NOS VALGA', 2008, b'0'),
  (200805, 'VICE', 2008, b'0'),
  (200806, 'RINCONADA LLICUAR', 2008, b'0'),
  (210101, 'PUNO', 2101, b'0'),
  (210102, 'ACORA', 2101, b'0'),
  (210103, 'AMANTANI', 2101, b'0'),
  (210104, 'ATUNCOLLA', 2101, b'0'),
  (210105, 'CAPACHICA', 2101, b'0'),
  (210106, 'CHUCUITO', 2101, b'0'),
  (210107, 'COATA', 2101, b'0'),
  (210108, 'HUATA', 2101, b'0'),
  (210109, 'MAÑAZO', 2101, b'0'),
  (210110, 'PAUCARCOLLA', 2101, b'0'),
  (210111, 'PICHACANI', 2101, b'0'),
  (210112, 'PLATERIA', 2101, b'0'),
  (210113, 'SAN ANTONIO', 2101, b'0'),
  (210114, 'TIQUILLACA', 2101, b'0'),
  (210115, 'VILQUE', 2101, b'0'),
  (210201, 'AZANGARO', 2102, b'0'),
  (210202, 'ACHAYA', 2102, b'0'),
  (210203, 'ARAPA', 2102, b'0'),
  (210204, 'ASILLO', 2102, b'0'),
  (210205, 'CAMINACA', 2102, b'0'),
  (210206, 'CHUPA', 2102, b'0'),
  (210207, 'JOSE DOMINGO CHOQUEHUANCA', 2102, b'0'),
  (210208, 'MUÑANI', 2102, b'0'),
  (210209, 'POTONI', 2102, b'0'),
  (210210, 'SAMAN', 2102, b'0'),
  (210211, 'SAN ANTON', 2102, b'0'),
  (210212, 'SAN JOSE', 2102, b'0'),
  (210213, 'SAN JUAN DE SALINAS', 2102, b'0'),
  (210214, 'SANTIAGO DE PUPUJA', 2102, b'0'),
  (210215, 'TIRAPATA', 2102, b'0'),
  (210301, 'MACUSANI', 2103, b'0'),
  (210302, 'AJOYANI', 2103, b'0'),
  (210303, 'AYAPATA', 2103, b'0'),
  (210304, 'COASA', 2103, b'0'),
  (210305, 'CORANI', 2103, b'0'),
  (210306, 'CRUCERO', 2103, b'0'),
  (210307, 'ITUATA', 2103, b'0'),
  (210308, 'OLLACHEA', 2103, b'0'),
  (210309, 'SAN GABAN', 2103, b'0'),
  (210310, 'USICAYOS', 2103, b'0'),
  (210401, 'JULI', 2104, b'0'),
  (210402, 'DESAGUADERO', 2104, b'0'),
  (210403, 'HUACULLANI', 2104, b'0'),
  (210404, 'KELLUYO', 2104, b'0'),
  (210405, 'PISACOMA', 2104, b'0'),
  (210406, 'POMATA', 2104, b'0'),
  (210407, 'ZEPITA', 2104, b'0'),
  (210501, 'ILAVE', 2105, b'0'),
  (210502, 'CAPAZO', 2105, b'0'),
  (210503, 'PILCUYO', 2105, b'0'),
  (210504, 'SANTA ROSA', 2105, b'0'),
  (210505, 'CONDURIRI', 2105, b'0'),
  (210601, 'HUANCANE', 2106, b'0'),
  (210602, 'COJATA', 2106, b'0'),
  (210603, 'HUATASANI', 2106, b'0'),
  (210604, 'INCHUPALLA', 2106, b'0'),
  (210605, 'PUSI', 2106, b'0'),
  (210606, 'ROSASPATA', 2106, b'0'),
  (210607, 'TARACO', 2106, b'0'),
  (210608, 'VILQUE CHICO', 2106, b'0'),
  (210701, 'LAMPA', 2107, b'0'),
  (210702, 'CABANILLA', 2107, b'0'),
  (210703, 'CALAPUJA', 2107, b'0'),
  (210704, 'NICASIO', 2107, b'0'),
  (210705, 'OCUVIRI', 2107, b'0'),
  (210706, 'PALCA', 2107, b'0'),
  (210707, 'PARATIA', 2107, b'0'),
  (210708, 'PUCARA', 2107, b'0'),
  (210709, 'SANTA LUCIA', 2107, b'0'),
  (210710, 'VILAVILA', 2107, b'0'),
  (210801, 'AYAVIRI', 2108, b'0'),
  (210802, 'ANTAUTA', 2108, b'0'),
  (210803, 'CUPI', 2108, b'0'),
  (210804, 'LLALLI', 2108, b'0'),
  (210805, 'MACARI', 2108, b'0'),
  (210806, 'NUÑOA', 2108, b'0'),
  (210807, 'ORURILLO', 2108, b'0'),
  (210808, 'SANTA ROSA', 2108, b'0'),
  (210809, 'UMACHIRI', 2108, b'0'),
  (210901, 'MOHO', 2109, b'0'),
  (210902, 'CONIMA', 2109, b'0'),
  (210903, 'HUAYRAPATA', 2109, b'0'),
  (210904, 'TILALI', 2109, b'0'),
  (211001, 'PUTINA', 2110, b'0'),
  (211002, 'ANANEA', 2110, b'0'),
  (211003, 'PEDRO VILCA APAZA', 2110, b'0'),
  (211004, 'QUILCAPUNCU', 2110, b'0'),
  (211005, 'SINA', 2110, b'0'),
  (211101, 'JULIACA', 2111, b'0'),
  (211102, 'CABANA', 2111, b'0'),
  (211103, 'CABANILLAS', 2111, b'0'),
  (211104, 'CARACOTO', 2111, b'0'),
  (211105, 'SAN MIGUEL', 2111, b'0'),
  (211201, 'SANDIA', 2112, b'0'),
  (211202, 'CUYOCUYO', 2112, b'0'),
  (211203, 'LIMBANI', 2112, b'0'),
  (211204, 'PATAMBUCO', 2112, b'0'),
  (211205, 'PHARA', 2112, b'0'),
  (211206, 'QUIACA', 2112, b'0'),
  (211207, 'SAN JUAN DEL ORO', 2112, b'0'),
  (211208, 'YANAHUAYA', 2112, b'0'),
  (211209, 'ALTO INAMBARI', 2112, b'0'),
  (211210, 'SAN PEDRO DE PUTINA PUNCO', 2112, b'0'),
  (211301, 'YUNGUYO', 2113, b'0'),
  (211302, 'ANAPIA', 2113, b'0'),
  (211303, 'COPANI', 2113, b'0'),
  (211304, 'CUTURAPI', 2113, b'0'),
  (211305, 'OLLARAYA', 2113, b'0'),
  (211306, 'TINICACHI', 2113, b'0'),
  (211307, 'UNICACHI', 2113, b'0'),
  (220101, 'MOYOBAMBA', 2201, b'0'),
  (220102, 'CALZADA', 2201, b'0'),
  (220103, 'HABANA', 2201, b'0'),
  (220104, 'JEPELACIO', 2201, b'0'),
  (220105, 'SORITOR', 2201, b'0'),
  (220106, 'YANTALO', 2201, b'0'),
  (220201, 'BELLAVISTA', 2202, b'0'),
  (220202, 'ALTO BIAVO', 2202, b'0'),
  (220203, 'BAJO BIAVO', 2202, b'0'),
  (220204, 'HUALLAGA', 2202, b'0'),
  (220205, 'SAN PABLO', 2202, b'0'),
  (220206, 'SAN RAFAEL', 2202, b'0'),
  (220301, 'SAN JOSE DE SISA', 2203, b'0'),
  (220302, 'AGUA BLANCA', 2203, b'0'),
  (220303, 'SAN MARTIN', 2203, b'0'),
  (220304, 'SANTA ROSA', 2203, b'0'),
  (220305, 'SHATOJA', 2203, b'0'),
  (220401, 'SAPOSOA', 2204, b'0'),
  (220402, 'ALTO SAPOSOA', 2204, b'0'),
  (220403, 'EL ESLABON', 2204, b'0'),
  (220404, 'PISCOYACU', 2204, b'0'),
  (220405, 'SACANCHE', 2204, b'0'),
  (220406, 'TINGO DE SAPOSOA', 2204, b'0'),
  (220501, 'LAMAS', 2205, b'0'),
  (220502, 'ALONSO DE ALVARADO', 2205, b'0'),
  (220503, 'BARRANQUITA', 2205, b'0'),
  (220504, 'CAYNARACHI', 2205, b'0'),
  (220505, 'CUÑUMBUQUI', 2205, b'0'),
  (220506, 'PINTO RECODO', 2205, b'0'),
  (220507, 'RUMISAPA', 2205, b'0'),
  (220508, 'SAN ROQUE DE CUMBAZA', 2205, b'0'),
  (220509, 'SHANAO', 2205, b'0'),
  (220510, 'TABALOSOS', 2205, b'0'),
  (220511, 'ZAPATERO', 2205, b'0'),
  (220601, 'JUANJUI', 2206, b'0'),
  (220602, 'CAMPANILLA', 2206, b'0'),
  (220603, 'HUICUNGO', 2206, b'0'),
  (220604, 'PACHIZA', 2206, b'0'),
  (220605, 'PAJARILLO', 2206, b'0'),
  (220701, 'PICOTA', 2207, b'0'),
  (220702, 'BUENOS AIRES', 2207, b'0'),
  (220703, 'CASPISAPA', 2207, b'0'),
  (220704, 'PILLUANA', 2207, b'0'),
  (220705, 'PUCACACA', 2207, b'0'),
  (220706, 'SAN CRISTOBAL', 2207, b'0'),
  (220707, 'SAN HILARION', 2207, b'0'),
  (220708, 'SHAMBOYACU', 2207, b'0'),
  (220709, 'TINGO DE PONASA', 2207, b'0'),
  (220710, 'TRES UNIDOS', 2207, b'0'),
  (220801, 'RIOJA', 2208, b'0'),
  (220802, 'AWAJUN', 2208, b'0'),
  (220803, 'ELIAS SOPLIN VARGAS', 2208, b'0'),
  (220804, 'NUEVA CAJAMARCA', 2208, b'0'),
  (220805, 'PARDO MIGUEL', 2208, b'0'),
  (220806, 'POSIC', 2208, b'0'),
  (220807, 'SAN FERNANDO', 2208, b'0'),
  (220808, 'YORONGOS', 2208, b'0'),
  (220809, 'YURACYACU', 2208, b'0'),
  (220901, 'TARAPOTO', 2209, b'0'),
  (220902, 'ALBERTO LEVEAU', 2209, b'0'),
  (220903, 'CACATACHI', 2209, b'0'),
  (220904, 'CHAZUTA', 2209, b'0'),
  (220905, 'CHIPURANA', 2209, b'0'),
  (220906, 'EL PORVENIR', 2209, b'0'),
  (220907, 'HUIMBAYOC', 2209, b'0'),
  (220908, 'JUAN GUERRA', 2209, b'0'),
  (220909, 'LA BANDA DE SHILCAYO', 2209, b'0'),
  (220910, 'MORALES', 2209, b'0'),
  (220911, 'PAPAPLAYA', 2209, b'0'),
  (220912, 'SAN ANTONIO', 2209, b'0'),
  (220913, 'SAUCE', 2209, b'0'),
  (220914, 'SHAPAJA', 2209, b'0'),
  (221001, 'TOCACHE', 2210, b'0'),
  (221002, 'NUEVO PROGRESO', 2210, b'0'),
  (221003, 'POLVORA', 2210, b'0'),
  (221004, 'SHUNTE', 2210, b'0'),
  (221005, 'UCHIZA', 2210, b'0'),
  (230101, 'TACNA', 2301, b'0'),
  (230102, 'ALTO DE LA ALIANZA', 2301, b'0'),
  (230103, 'CALANA', 2301, b'0'),
  (230104, 'CIUDAD NUEVA', 2301, b'0'),
  (230105, 'INCLAN', 2301, b'0'),
  (230106, 'PACHIA', 2301, b'0'),
  (230107, 'PALCA', 2301, b'0'),
  (230108, 'POCOLLAY', 2301, b'0'),
  (230109, 'SAMA', 2301, b'0'),
  (230110, 'CORONEL GREGORIO ALBARRACIN LANCHIPA', 2301, b'0'),
  (230111, 'LA YARADA LOS PALOS', 2301, b'0'),
  (230201, 'CANDARAVE', 2302, b'0'),
  (230202, 'CAIRANI', 2302, b'0'),
  (230203, 'CAMILACA', 2302, b'0'),
  (230204, 'CURIBAYA', 2302, b'0'),
  (230205, 'HUANUARA', 2302, b'0'),
  (230206, 'QUILAHUANI', 2302, b'0'),
  (230301, 'LOCUMBA', 2303, b'0'),
  (230302, 'ILABAYA', 2303, b'0'),
  (230303, 'ITE', 2303, b'0'),
  (230401, 'TARATA', 2304, b'0'),
  (230402, 'HEROES ALBARRACIN', 2304, b'0'),
  (230403, 'ESTIQUE', 2304, b'0'),
  (230404, 'ESTIQUE-PAMPA', 2304, b'0'),
  (230405, 'SITAJARA', 2304, b'0'),
  (230406, 'SUSAPAYA', 2304, b'0'),
  (230407, 'TARUCACHI', 2304, b'0'),
  (230408, 'TICACO', 2304, b'0'),
  (240101, 'TUMBES', 2401, b'0'),
  (240102, 'CORRALES', 2401, b'0'),
  (240103, 'LA CRUZ', 2401, b'0'),
  (240104, 'PAMPAS DE HOSPITAL', 2401, b'0'),
  (240105, 'SAN JACINTO', 2401, b'0'),
  (240106, 'SAN JUAN DE LA VIRGEN', 2401, b'0'),
  (240201, 'ZORRITOS', 2402, b'0'),
  (240202, 'CASITAS', 2402, b'0'),
  (240203, 'CANOAS DE PUNTA SAL', 2402, b'0'),
  (240301, 'ZARUMILLA', 2403, b'0'),
  (240302, 'AGUAS VERDES', 2403, b'0'),
  (240303, 'MATAPALO', 2403, b'0'),
  (240304, 'PAPAYAL', 2403, b'0'),
  (250101, 'CALLERIA', 2501, b'0'),
  (250102, 'CAMPOVERDE', 2501, b'0'),
  (250103, 'IPARIA', 2501, b'0'),
  (250104, 'MASISEA', 2501, b'0'),
  (250105, 'YARINACOCHA', 2501, b'0'),
  (250106, 'NUEVA REQUENA', 2501, b'0'),
  (250107, 'MANANTAY', 2501, b'0'),
  (250201, 'RAYMONDI', 2502, b'0'),
  (250202, 'SEPAHUA', 2502, b'0'),
  (250203, 'TAHUANIA', 2502, b'0'),
  (250204, 'YURUA', 2502, b'0'),
  (250301, 'PADRE ABAD', 2503, b'0'),
  (250302, 'IRAZOLA', 2503, b'0'),
  (250303, 'CURIMANA', 2503, b'0'),
  (250304, 'NESHUYA', 2503, b'0'),
  (250305, 'ALEXANDER VON HUMBOLDT', 2503, b'0'),
  (250401, 'PURUS', 2504, b'0'),
  (250402, 'NO ESPECIFICADO', 2505, b'0');
